company,2024-08-01,2024-08-02,2024-08-03,2024-08-04,2024-08-05,2024-08-06,2024-08-07,2024-08-08,2024-08-09,2024-08-10,2024-08-11,2024-08-12,2024-08-13,2024-08-14,2024-08-15,2024-08-16,2024-08-17,2024-08-18,2024-08-19,2024-08-20,2024-08-21,2024-08-22,2024-08-23,2024-08-24,2024-08-25,2024-08-26,2024-08-27,2024-08-28,2024-08-29,2024-08-30,2024-08-31,2024-09-01,2024-09-02,2024-09-03,2024-09-04,2024-09-05,2024-09-06,2024-09-07,2024-09-08,2024-09-09,2024-09-10,2024-09-11,2024-09-12,2024-09-13,2024-09-14,2024-09-15,2024-09-16,2024-09-17,2024-09-18,2024-09-19,2024-09-20,2024-09-21,2024-09-22,2024-09-23,2024-09-24,2024-09-25,2024-09-26,2024-09-27,2024-09-28,2024-09-29,2024-09-30,2024-10-01,2024-10-02,2024-10-03,2024-10-04,2024-10-05,2024-10-06,2024-10-07,2024-10-08,2024-10-09,2024-10-10,2024-10-11,2024-10-12,2024-10-13,2024-10-14,2024-10-15,2024-10-16,2024-10-17,2024-10-18,2024-10-19,2024-10-20,2024-10-21,2024-10-22,2024-10-23,2024-10-24,2024-10-25,2024-10-26,2024-10-27,2024-10-28,2024-10-29,2024-10-30,2024-10-31,2024-11-01,2024-11-02,2024-11-03,2024-11-04,2024-11-05,2024-11-06,2024-11-07,2024-11-08,2024-11-09,2024-11-10,2024-11-11,2024-11-12,2024-11-13,2024-11-14,2024-11-15,2024-11-16,2024-11-17,2024-11-18,2024-11-19,2024-11-20,2024-11-21,2024-11-22,2024-11-23,2024-11-24,2024-11-25,2024-11-26,2024-11-27,2024-11-28,2024-11-29,2024-11-30,2024-12-01,2024-12-02,2024-12-03,2024-12-04,2024-12-05,2024-12-06,2024-12-07,2024-12-08,2024-12-09,2024-12-10,2024-12-11,2024-12-12,2024-12-13,2024-12-14,2024-12-15,2024-12-16,2024-12-17,2024-12-18,2024-12-19,2024-12-20,2024-12-21,2024-12-22,2024-12-23,2024-12-24,2024-12-25,2024-12-26,2024-12-27,2024-12-28,2024-12-29,2024-12-30,2024-12-31,2025-01-01,2025-01-02,2025-01-03,2025-01-04,2025-01-05,2025-01-06,2025-01-07,2025-01-08,2025-01-09,2025-01-10,2025-01-11,2025-01-12,2025-01-13,2025-01-14,2025-01-15,2025-01-16,2025-01-17,2025-01-18,2025-01-19,2025-01-20,2025-01-21,2025-01-22,2025-01-23,2025-01-24,2025-01-25,2025-01-26,2025-01-27,2025-01-28,2025-01-29,2025-01-30,2025-01-31,2025-02-01,2025-02-02,2025-02-03,2025-02-04,2025-02-05,2025-02-06,2025-02-07,2025-02-08,2025-02-09,2025-02-10,2025-02-11,2025-02-12,2025-02-13,2025-02-14,2025-02-15,2025-02-16,2025-02-17,2025-02-18,2025-02-19,2025-02-20,2025-02-21,2025-02-22,2025-02-23,2025-02-24,2025-02-25,2025-02-26,2025-02-27,2025-02-28,2025-03-01,2025-03-02,2025-03-03,2025-03-04,2025-03-05,2025-03-06,2025-03-07,2025-03-08,2025-03-09,2025-03-10,2025-03-11,2025-03-12,2025-03-13,2025-03-14,2025-03-15,2025-03-16,2025-03-17,2025-03-18,2025-03-19,2025-03-20,2025-03-21,2025-03-22,2025-03-23,2025-03-24,2025-03-25,2025-03-26,2025-03-27,2025-03-28,2025-03-29,2025-03-30,2025-03-31,2025-04-01,2025-04-02,2025-04-03,2025-04-04,2025-04-05,2025-04-06,2025-04-07,2025-04-08,2025-04-09,2025-04-10,2025-04-11,2025-04-12,2025-04-13,2025-04-14,2025-04-15,2025-04-16,2025-04-17,2025-04-18,2025-04-19,2025-04-20,2025-04-21,2025-04-22,2025-04-23,2025-04-24,2025-04-25,2025-04-26,2025-04-27,2025-04-28,2025-04-29,2025-04-30,2025-05-01,2025-05-02,2025-05-03,2025-05-04,2025-05-05,2025-05-06,2025-05-07,2025-05-08,2025-05-09,2025-05-10,2025-05-11,2025-05-12,2025-05-13,2025-05-14,2025-05-15,2025-05-16,2025-05-17,2025-05-18,2025-05-19,2025-05-20,2025-05-21,2025-05-22,2025-05-23,2025-05-24,2025-05-25,2025-05-26,2025-05-27,2025-05-28,2025-05-29,2025-05-30,2025-05-31,2025-06-01,2025-06-02,2025-06-03,2025-06-04,2025-06-05,2025-06-06,2025-06-07,2025-06-08,2025-06-09,2025-06-10,2025-06-11,2025-06-12,2025-06-13,2025-06-14,2025-06-15,2025-06-16,2025-06-17,2025-06-18,2025-06-19,2025-06-20,2025-06-21,2025-06-22,2025-06-23,2025-06-24,2025-06-25,2025-06-26,2025-06-27,2025-06-28,2025-06-29,2025-06-30,2025-07-01,2025-07-02,2025-07-03,2025-07-04,2025-07-05,2025-07-06,2025-07-07,2025-07-08,2025-07-09,2025-07-10,2025-07-11,2025-07-12,2025-07-13,2025-07-14,2025-07-15,2025-07-16,2025-07-17,2025-07-18,2025-07-19,2025-07-20,2025-07-21,2025-07-22,2025-07-23,2025-07-24,2025-07-25,2025-07-26,2025-07-27,2025-07-28,2025-07-29,2025-07-30
Walmart,76,75,66,58,79,71,66,68,82,65,58,85,70,84,137,81,89,65,88,65,99,104,64,67,86,83,64,76,89,91,78,78,76,80,94,92,78,87,104,92,91,80,91,92,85,67,89,85,89,87,58,76,69,162,101,117,132,94,60,56,89,83,79,113,95,85,81,100,125,91,99,103,70,63,87,116,99,195,225,226,222,228,257,213,255,226,189,180,218,192,97,177,182,176,131,184,143,181,241,264,292,308,474,417,452,583,634,1001,783,665,1505,1840,1213,967,992,767,1223,3148,1958,1016,1292,1335,1101,1012,1189,1061,897,799,752,612,711,693,784,800,799,768,736,895,874,860,718,797,707,745,903,1036,566,699,769,753,975,624,661,597,670,769,925,786,443,991,651,633,618,726,725,749,757,1004,751,737,657,756,669,825,898,944,1650,2758,1931,1262,1170,826,788,225,910,1628,944,883,828,994,852,892,930,716,974,847,838,801,740,994,1085,1094,1038,1391,1522,1438,982,866,1193,1962,2060,3982,1460,886,837,1131,1144,1239,1193,918,630,786,787,780,1077,733,616,523,699,747,696,787,637,596,633,751,626,661,767,635,560,512,768,731,1410,1608,1105,831,888,1091,1418,1528,984,853,683,699,971,657,679,748,653,702,522,740,790,966,4063,922,741,641,880,1134,958,927,637,610,563,595,635,573,618,570,524,476,570,478,537,3404,1541,4870,3923,2284,1574,1397,1045,980,716,678,921,580,885,701,599,608,759,702,771,1257,2262,905,746,535,582,800,1432,1461,977,678,602,591,620,781,787,644,576,404,588,584,614,1276,1080,616,463,584,646,626,652,637,523,733,714,1303,1170,1023,930,696,528,660,544,569,706,661,629,586,726,672,659,607,533,730,1367,954,799,580
Amazon,1229,911,737,794,977,1148,941,947,1016,809,751,863,1025,941,1027,822,770,667,1044,1030,1040,1023,969,819,672,1076,1029,1125,1229,1531,2180,2548,3882,3332,3304,3261,3125,2192,2100,3174,3371,3371,3142,3047,2322,2122,4288,3880,3470,2996,2913,2548,2165,3699,2960,3122,3191,2889,2479,2360,4334,3600,3492,3838,3012,2436,1874,3221,4472,4011,2835,2656,1798,1547,2264,2381,3266,1989,3643,3002,2808,2726,2981,2899,2717,4112,3650,2403,3340,4092,2780,2635,2934,2027,1632,4823,3105,3066,3506,3308,3024,3026,3327,4159,4776,4819,4833,4805,4901,4887,4927,4871,4849,4863,4620,4601,4855,4810,4825,4718,4859,4718,4762,4841,4764,4919,5191,4757,4615,4427,4644,4773,4668,4682,5015,4374,4191,4513,1202,4370,3415,4657,4270,4602,4500,4050,3824,4104,4038,3851,3750,2097,3894,3791,4150,4577,5466,5008,4940,4712,4607,4422,4405,4216,3997,4674,4531,4616,4879,4525,3900,734,4829,4830,4805,4777,4653,4613,2793,4400,4478,4216,4204,4412,4234,4231,4357,4322,4507,4680,4641,4234,4066,4236,4302,4199,4214,4206,4035,4153,4817,4486,4331,4812,4638,4227,4028,4200,4320,7673,6464,5333,4648,4326,4792,4391,4448,4501,4665,4243,4277,5103,4816,4614,4606,4582,4472,4424,4779,4708,4639,4644,4539,4287,4335,4632,4831,4509,4615,4518,4571,4576,4682,4556,4778,4828,4705,4549,4407,4671,4559,4729,4625,4501,4341,4140,5307,4645,4731,4542,4424,4580,4301,4480,4425,4556,4679,4777,4415,4299,4463,6810,5406,4853,4573,4349,3889,4529,4547,4510,4399,4285,4214,4094,3842,4562,4409,4767,4765,4861,4613,4682,4677,4719,4812,4204,4763,4507,4675,4597,4492,4558,4496,4458,4421,4577,4532,4718,4753,4476,4392,4623,4697,4647,4640,4798,4311,4683,4680,4778,4817,4805,4639,4776,4771,4082,4946,3986,2477,4033,5375,4495,3020,2965,3348,4681,4866,4755,4535,4535,4800,4810,4838,5155,3578,4074,3736,3185,4086,4257,4209,1417,1281,1084,3420,2620,3568,2598,2535,2278,2171,3666,4495,4443
Apple,1363,1409,1277,1221,1347,1322,1373,1289,1322,1147,1044,2176,1647,1579,1452,1467,1216,1285,1470,1421,1361,1321,1403,1337,1269,1538,1552,1454,1601,1647,223,503,2591,2842,2594,2575,2606,2219,2162,4854,4422,2611,2483,2664,2267,2058,2849,3006,2645,2552,2533,2121,2133,2338,2659,2256,2223,2255,2041,2144,2134,2255,2232,2139,2243,2361,2055,1943,2315,1930,2043,2013,1726,1779,1964,2163,2061,3020,3090,1754,2686,3015,2841,2935,3123,3051,121,2379,3319,3441,3065,2782,2728,2442,2395,2452,2711,2483,2818,2968,3012,3097,3707,3973,1590,4831,4901,4863,4870,1123,4873,2335,4638,4877,4806,4846,4835,4847,4825,4830,4780,4286,1731,4795,4859,4952,4848,4768,4559,248,4800,1016,4866,4807,4839,2542,395,4791,4769,4843,4760,4710,4056,3929,4348,4283,3677,4015,3764,3987,4010,4737,3996,3861,4855,5014,5302,4955,733,4732,4759,4398,1693,4625,3420,4783,603,4857,4886,821,4500,4882,5017,4929,583,4830,4727,4747,4575,4942,4879,4814,4726,4914,4568,4646,4813,2306,4866,4769,1786,4725,4748,4535,4942,4995,4932,4859,4752,4418,4670,4778,4829,4809,4837,4459,4194,4852,4888,4866,4790,4189,4107,3939,4298,2329,1216,4745,4757,4333,3977,4709,4734,4698,4744,4762,3845,3668,4780,4760,4799,4807,4849,3996,3691,4802,4768,4764,4637,4599,3754,3768,4819,4848,4820,4990,4935,4016,4054,4713,4836,4890,4486,4703,5071,4723,4683,4674,4472,4219,4027,3384,3139,3569,4029,4730,4738,4733,3424,3554,3847,4173,4578,4887,4876,3771,1973,4265,4268,4771,4618,4237,3387,3005,4372,4703,4298,4874,1082,3920,3441,4778,4362,4819,4448,5812,4969,3820,3841,4679,4764,4127,3935,3353,3043,3899,4038,4051,4192,1143,928,3431,5072,4834,4882,4156,4214,3219,2955,3891,3969,3739,3769,4069,3334,2980,3886,4272,3988,3777,3972,3184,3134,4568,4717,4547,3964,3648,3105,3086,4252,4688,4489,4155,4241,3133,2972,3685,4308,3829,3580,3781,2964,2772,3636,3860,4054,3650,3698,2196,3131,3655,4170,4269
CVS,176,132,48,36,125,220,160,122,20,13,18,296,276,225,163,93,174,85,101,167,212,192,239,83,75,201,122,196,260,221,168,180,219,307,378,243,261,192,148,218,408,280,286,287,155,133,202,307,377,186,172,126,130,315,151,270,261,287,131,95,154,224,213,143,154,91,93,83,89,96,51,44,38,885,105,281,264,214,181,95,125,520,142,185,167,179,83,66,241,252,144,123,281,41,43,186,268,158,174,196,265,119,216,463,383,288,461,235,126,357,594,353,332,585,211,170,229,331,262,204,197,264,611,391,305,327,303,538,252,164,417,444,264,614,534,205,134,357,297,347,427,253,208,129,155,203,129,180,417,148,158,190,213,153,353,180,146,135,224,478,261,405,216,215,133,256,617,843,616,256,179,173,136,398,319,320,423,275,228,433,338,541,358,343,204,168,353,351,303,275,267,148,123,250,559,514,457,355,217,189,203,335,223,173,183,153,116,180,158,193,230,238,164,124,161,218,180,323,361,192,113,143,174,185,158,177,107,81,129,191,152,153,154,121,97,112,145,142,241,164,116,105,141,123,169,158,161,93,87,156,158,151,136,291,195,90,176,190,154,176,163,93,87,147,125,146,137,103,79,101,122,164,155,254,154,115,87,152,212,145,175,155,113,83,153,127,134,138,174,97,121,134,194,192,136,130,112,75,91,163,152,189,241,99,87,133,174,141,118,132,91,97,130,164,169,166,158,100,106,125,101,165,162,116,100,63,122,170,151,143,83,98,80,105,120,111,116,92,72,85,136,137,140,122,116,97,109,158,143,106,165,131,68,104,106,95,201,109,136,101,86,118,124,133
Tesla,366,397,351,333,666,902,795,620,514,471,367,749,1657,760,513,555,660,600,481,630,435,507,435,377,368,428,441,466,3913,5188,5755,5833,5756,5493,5273,4914,2933,2033,1773,2176,2122,3022,1680,1599,1180,1001,1490,1521,5251,5326,2000,1779,1115,1423,1231,1099,1653,1781,1067,797,882,1061,1124,836,2620,1339,1542,1331,2076,2410,1293,3041,1129,883,775,692,1247,1559,3159,1877,1697,1609,1521,1273,1352,1694,1080,1001,1262,1182,1151,1077,907,710,708,1110,1703,2605,1868,2068,1703,1027,2354,3166,6228,6317,5774,6362,6464,6385,6131,5594,5380,5790,5257,5059,6338,5621,6263,5997,5627,5053,5073,5367,5277,4481,4886,6418,4457,3396,3242,4144,4445,3880,3916,3510,3035,3170,4515,5980,6904,8306,4086,5805,4888,3825,2916,3251,6061,6576,6052,5521,4684,7663,7094,8552,6879,3598,6532,2282,3705,6329,6322,4740,5284,5571,5992,4747,4437,6235,3566,3928,7510,9229,7769,8678,8609,5060,8664,7899,4075,6408,7310,7502,9082,9367,9566,9287,7932,9421,9343,9002,9152,8606,9257,9294,9195,9132,8968,9070,9193,9049,8802,8152,9023,9258,9260,9324,9431,9452,9300,9514,8969,9129,9213,9577,9150,9191,9391,9086,9274,11415,10641,9751,9548,9262,9233,9215,9409,9804,9787,10422,9952,9354,9342,9279,9200,9128,8785,9076,9271,6294,9268,9101,9822,9264,8888,7330,7472,7855,8910,7131,6423,6109,4859,4871,4545,4642,6773,4394,5291,4268,3052,2839,8113,8732,6684,5697,3557,3363,4129,4312,4021,7039,4838,3227,3015,3071,3740,3844,4511,3916,2867,2622,3249,3699,3617,3653,3356,3246,2924,3472,5371,4834,4423,3504,2766,2498,2147,4250,7208,7991,7095,5933,4423,4589,6095,6986,10478,9551,6551,4233,3830,3171,4806,2728,3036,2018,1678,2272,2371,2221,3955,2592,2187,1676,2629,2453,2336,2492,2309,2543,2665,3247,6306,3668,2755,2290,3880,2749,5169,3900,4262,3869,2737,1709,1652,1954,2510,2009,2076,1852,1303,1464,1561,2683,3250,3891,2660,1952,1926,2421,1870,2161
Google,1203,1200,950,830,1632,1733,1360,1320,1247,990,921,1157,1623,1689,1558,1379,1163,1025,1364,1357,1447,1320,1322,992,1078,1353,1308,1299,1456,1840,3989,3994,4575,4630,4433,3926,3717,2835,2654,3406,3777,3580,3561,3046,2579,2401,2797,3841,4311,3565,3082,2344,2171,3063,3178,3281,2987,2680,2304,2108,2741,3134,2690,2792,2621,2043,1864,2672,2629,2946,2109,1892,1385,1346,1705,2191,2124,3328,3501,2617,2662,2811,2917,3021,194,2593,2091,1992,391,2625,3090,2942,2647,2016,1984,2589,2488,2998,3106,2919,2751,2744,4014,4522,4863,4807,4801,4772,4811,4049,4822,4778,4828,4796,4748,4806,4780,4723,4791,4709,4698,4720,4718,4769,4722,4741,4794,4784,778,4630,4720,4825,1035,4818,4821,1625,4280,4775,4760,4762,4766,4783,4529,4151,4670,4291,3380,4366,4344,4239,3267,3533,4365,3339,4572,4818,4560,4238,4776,4786,4470,4623,4409,4519,4277,4479,4673,4665,4692,4821,4644,4765,4879,4890,4786,4821,2526,4710,4777,4835,4899,4829,4804,4785,4518,771,4374,3696,4940,4826,4801,4706,4694,4810,4926,4858,4835,4783,4742,4735,4760,4799,4698,4647,4640,4563,4724,4813,4757,4606,4590,4649,4537,4561,4707,4735,4781,4725,4715,4661,4224,4713,4741,4755,4769,4719,4701,4737,4768,4833,4814,4750,4759,4767,4463,4806,4813,4813,4800,4833,4623,4503,4804,4790,3254,4808,4801,4589,4199,4791,4794,4824,4648,4800,4757,3661,4806,4801,4830,4784,4830,4387,3977,4788,4725,4766,4825,4890,4729,4321,4844,4795,4863,4806,4839,4289,4035,4794,4782,4852,4848,4777,4707,4072,3397,4830,4854,4868,4850,4527,4048,4863,4961,4938,4834,4884,4597,4252,4832,4856,4858,4837,4855,4261,4030,4857,4862,4888,4901,4914,4911,4890,4904,4840,4835,4829,4786,4409,3825,4689,4817,4850,4846,4886,4008,3755,4797,4784,4820,4817,4856,3779,3859,4808,4838,4831,4684,4367,3664,3497,4484,4838,4836,4860,4860,4164,3513,4853,4790,4829,4860,4692,3634,3551,4512,4867,4928,4990,4833,3844,3946,4896,4871,4883
Meta,696,601,515,461,642,679,704,748,664,572,540,705,662,737,735,749,591,522,668,690,632,574,632,563,552,683,972,800,1148,1765,6687,3599,3852,3201,2573,3092,2494,3098,2761,2318,3445,2713,3008,2871,2444,2497,2696,3122,2903,2687,2672,1435,1788,1347,2704,2855,3196,1998,1184,1573,2490,1418,2373,1181,2486,2025,1559,1478,1420,1796,1744,1460,1134,1122,1282,1316,1438,2594,3112,2450,2067,2205,2707,3093,2864,2313,1612,1459,1992,1940,1584,1917,1603,1343,1293,1719,1860,2237,2742,2629,2356,2634,3361,4210,5317,4741,6636,6027,6671,6846,6286,7018,6381,6533,5355,5064,5384,6238,6995,6964,4412,3685,4745,4921,5064,4901,4740,4815,3698,3411,4211,4125,4551,7654,5536,4124,3902,4247,4558,4622,4066,3531,2858,2935,3180,2775,2100,2781,3292,3133,3048,5577,2755,3318,4231,7201,4911,4078,4787,12006,12766,10383,10808,11367,10101,10009,9965,10045,9686,9845,9563,10974,10301,10161,9803,9492,8155,9153,5383,9171,8543,6351,9045,8326,6589,6727,6495,7661,6482,6387,6011,5268,4969,6009,5781,4103,5416,5364,4573,4706,6585,6040,4045,5226,5395,4995,4532,5387,6090,5321,6181,8470,5525,3341,4443,4993,4950,4505,4647,3644,3730,5353,5364,4895,5649,4891,3850,3999,4343,4216,4344,7307,5910,4348,3998,4491,4568,4129,4044,4188,3493,3142,3886,4761,5072,5406,5119,3774,3746,4562,4837,4983,4369,4331,3475,3280,5410,5332,4889,4826,3977,3465,3387,3925,3834,5912,4640,4032,2946,3427,3834,4234,4995,5521,4362,3283,3265,3805,3568,4002,3850,3616,2719,2552,3060,3384,3515,3444,3514,2627,2638,3232,3639,3541,3572,3468,2937,2774,4082,4090,3431,3121,3095,2691,2659,2966,3841,4198,3487,3261,2545,2801,3542,3773,4270,4292,4019,3027,2644,3638,4058,4223,3623,4181,3385,2541,3180,3652,3326,3905,3531,3479,3132,3942,3776,3404,3205,2953,2500,2907,3141,3629,3724,3396,3135,2431,2642,3886,3672,3634,3632,3637,2897,2445,3223,3162,3362,3320,2335,2796,2446,2960,3253,4168
JPMorgan,113,126,119,123,120,141,153,218,182,143,133,140,144,131,151,180,144,125,162,161,165,149,169,185,135,142,164,174,245,317,1212,1010,1039,728,682,608,582,436,502,394,448,439,434,530,441,556,496,390,416,343,523,374,339,318,498,370,376,353,337,362,256,343,317,323,325,170,418,299,341,310,237,310,203,200,211,256,213,577,719,573,655,539,571,500,506,470,356,389,388,431,451,391,388,349,375,392,401,413,567,1118,595,724,729,818,934,1123,1351,1304,1352,1919,1389,1730,1403,1291,1300,1219,1211,1173,1399,1139,988,1125,1422,1224,1224,1911,1279,1177,1074,1073,1140,1738,1153,1131,1065,1017,1033,978,1123,1055,956,1203,1068,948,848,913,758,891,962,1018,1183,977,1103,961,993,959,903,1149,1034,1202,1289,1069,1026,914,1053,1090,1118,1304,1135,1229,859,617,1003,1071,1732,1704,1393,1309,1163,1223,1323,1254,1270,1201,1334,1223,1485,1227,1268,1103,1301,753,1003,1088,1365,1229,1308,1283,978,1015,1239,1151,1272,1208,1279,1215,1180,1315,1233,603,1393,1316,1292,1167,1139,1319,1274,1264,1223,1119,1131,1125,1373,1253,1454,1289,1034,1084,1494,1253,1550,1122,1460,1422,1165,1155,2009,1118,1161,1204,1066,1059,1065,1093,1134,1551,1857,1451,1294,2099,1277,1531,1260,1445,1145,1101,1048,1098,1129,1088,1049,994,946,1128,1149,1170,1064,1098,1039,1039,1031,1211,1176,1140,1081,1076,956,1004,984,1129,1001,1028,966,1030,998,1140,1005,1258,1134,1087,980,1384,1371,1032,1230,1171,938,930,968,1117,1117,1006,1132,1104,1193,1102,1248,1282,1061,1057,927,890,1095,1044,1211,1206,1215,988,962,1160,1356,1262,1096,1138,1030,1006,1110,1431,1264,1120,998,959,1233,1248,1168,1207,1008,985,1005,1032,1028,1046,1029,1281,1307,1087,1026,1155,1456,1360,1192,1135,993,1069,1073,1240,1152,1074,1114,1082,1041,1143,1245,1142
Costco,621,615,458,475,570,581,683,607,680,499,475,713,721,724,861,847,629,589,857,726,775,683,668,542,659,684,852,856,807,862,684,690,741,902,1009,956,843,685,729,822,1040,1022,1045,878,672,690,737,882,938,965,825,730,764,824,969,999,1074,935,710,724,817,932,933,926,841,753,650,803,859,957,915,955,704,651,810,950,1067,1331,1629,1554,1451,1783,1777,1730,1658,1472,1191,1149,1543,1544,1582,1332,1284,1115,1036,1368,1319,1935,2306,2621,2170,2324,2919,3645,2451,4646,5536,5124,5552,5565,5403,5400,5683,5350,5739,5949,5524,5618,5624,5555,5627,5182,5253,5248,5292,3028,5231,5019,5340,5239,5166,5223,5148,5211,5150,5103,4622,5112,5182,5244,5283,5127,4180,4558,4514,4005,2439,3980,7003,6255,4852,4348,4821,3613,4764,4172,5070,5828,5327,2910,5288,5178,5199,5207,1456,5197,4673,4894,5130,5121,4989,5038,5035,5425,5224,6250,9078,9402,8841,7804,7087,6219,5715,7698,7510,7921,6474,6164,5858,6310,6050,6723,6949,5466,5874,5662,5340,5477,5256,7026,6715,5888,5736,5350,5663,5673,5542,4634,5648,5773,5520,6017,5137,5396,5301,5534,5806,5890,5732,5629,5511,5344,5682,5375,5624,4791,5026,4916,4946,4610,5034,5635,5226,4917,4870,5027,5026,5085,5204,5037,5129,4868,5252,5537,5794,6464,5936,5486,5406,5484,2013,5418,5308,5293,1349,2109,1879,5385,5261,5356,4810,4165,4126,5200,5151,4838,5311,5318,1606,4296,5548,5494,5513,5356,5375,5311,4948,5545,5324,5275,5296,5170,4030,4402,5107,5004,5146,5237,5210,4531,4725,5151,5182,5161,5008,4919,4518,3961,4270,4876,5251,4937,4965,3868,3977,4708,5064,5266,5503,4867,4180,3502,4977,5195,5235,4862,4223,3449,3959,4305,4937,4875,4810,4635,3797,4647,4864,5115,5085,5367,4997,4303,4389,5161,5379,5223,5318,4177,3837,4241,4759,5111,5012,5104,4745,3768,3820,5065,4911,5089,5024,4635,3732,3669,2427,5113,5129,4892,4913,3985,4573,4950,5020,4934
Kroger,69,70,30,37,43,50,50,42,43,45,33,58,60,59,64,60,71,52,137,69,60,48,44,40,58,56,70,108,139,98,169,157,132,140,131,128,115,113,90,94,104,101,119,126,94,81,83,88,89,101,104,82,64,100,108,71,117,74,66,87,94,85,110,75,137,66,65,128,100,85,67,58,52,54,52,61,104,292,220,184,152,136,135,129,127,128,104,88,91,83,95,91,87,78,96,87,82,118,113,151,115,114,136,168,173,227,344,296,308,468,484,350,366,364,303,281,326,376,376,342,279,290,283,237,350,256,361,326,246,230,257,643,984,466,389,318,241,363,279,309,277,248,212,208,256,215,160,166,212,205,166,209,209,186,212,267,260,269,211,258,215,282,293,216,176,194,230,271,261,219,226,212,267,239,258,297,335,404,916,527,401,335,342,394,281,305,279,293,297,330,312,278,246,249,361,320,273,259,287,251,258,361,342,319,233,236,202,222,260,256,298,399,228,233,450,447,267,293,302,180,152,226,267,290,268,220,208,185,439,399,310,265,220,216,178,253,250,184,268,220,189,185,200,240,78,301,271,233,173,221,272,217,212,207,192,205,267,240,291,259,253,206,168,181,271,288,280,344,247,209,244,276,293,284,270,217,236,294,279,263,289,274,258,205,237,282,373,442,510,383,252,332,288,266,221,226,233,209,241,263,280,267,240,214,163,249,273,260,247,75,278,196,165,221,226,250,274,242,168,331,330,442,354,353,299,205,299,304,296,301,265,219,218,247,241,230,217,231,170,258,256,203,210,301,231,186,206,243,277,272,313,220,205,208,203,244,198,232,213,234,204,193,212,231
Walgreens,38,39,11,21,21,8,15,20,11,17,16,26,17,16,25,25,43,17,13,23,14,33,81,38,26,20,19,39,51,50,52,27,18,59,44,23,26,38,17,35,24,19,19,42,22,34,18,20,26,20,31,22,13,82,31,26,36,27,32,16,12,34,20,27,25,27,9,13,21,21,16,23,20,20,15,154,83,50,39,34,14,38,22,32,34,27,21,20,20,34,25,20,39,14,19,16,19,41,48,63,51,76,60,67,72,91,139,154,108,108,123,129,114,121,228,152,119,284,137,85,81,191,232,124,119,125,114,158,100,186,111,250,242,163,121,135,118,110,111,141,142,117,132,186,132,132,113,144,89,102,118,98,93,129,90,113,153,117,109,107,103,96,189,155,109,125,89,1306,461,286,384,190,118,150,145,132,143,219,516,234,149,158,166,174,198,124,146,153,128,168,107,201,116,102,122,166,157,123,158,106,109,109,103,101,110,130,89,123,108,117,154,169,177,135,102,145,126,725,1378,245,141,133,182,145,118,134,123,74,83,106,87,96,69,66,81,91,66,74,161,95,99,71,96,76,112,103,95,159,81,85,144,83,75,212,185,62,108,94,67,74,146,63,71,252,234,102,96,71,102,73,84,95,91,94,97,109,71,85,104,74,80,81,94,84,110,81,81,85,84,64,60,56,94,81,86,88,57,67,47,79,96,91,90,78,57,101,76,77,75,73,61,52,68,81,75,66,85,62,61,62,62,61,86,80,54,44,82,98,80,119,84,61,60,67,90,76,55,58,62,51,73,74,87,49,98,62,44,96,87,82,67,67,66,63,74,75,75,70,62,58,55,85,83,101
Target,415,412,299,257,380,340,408,427,364,346,291,442,405,369,350,380,323,288,399,362,407,319,366,320,289,366,431,461,372,417,437,349,453,490,546,518,483,381,352,437,545,511,530,470,537,495,623,629,704,593,467,442,389,638,586,517,558,508,482,398,514,577,516,494,434,479,398,520,533,504,536,474,479,388,452,606,501,838,948,900,931,905,1006,911,977,824,775,660,815,886,794,776,685,688,584,767,799,948,1219,1321,1339,1384,1568,1900,2199,2475,2848,2841,3246,3680,3541,3852,2201,3306,3199,3119,3438,3529,3483,3010,4244,3190,3142,3811,3458,3481,3749,3080,2824,2710,2760,3018,2917,2940,2639,2572,2436,2665,2791,2849,2866,2632,1706,2197,2241,1337,1383,1830,2082,2004,1920,1918,2040,2094,2418,2179,2359,2116,2244,2456,2481,2379,2645,103,294,2305,2430,2958,2617,2711,2448,2601,2802,3819,3416,679,4796,4769,4780,4778,4775,3758,3566,3628,3783,4775,4146,4290,4787,4776,3980,3792,3263,3219,3426,3287,3315,3281,3036,3127,4340,4722,4319,3734,680,3858,3167,3831,4146,4567,4344,4750,3769,2996,3052,3545,4736,4735,4296,3867,2969,3655,3979,2160,3470,3064,2854,2172,4843,4797,3492,4690,3193,1042,3387,3227,672,4577,4061,3372,2562,2544,2811,3432,3213,3565,2937,2492,2448,3014,3065,2969,2595,200,2431,2568,4614,3241,3176,4004,3526,2909,2126,2618,3218,3905,4853,3346,2385,2190,2668,3346,3945,2929,2769,3147,2636,2760,3054,2761,2597,2446,2156,1888,2350,2471,2563,2605,2560,1958,1938,2402,2743,4898,3842,2813,2171,2162,2174,3029,3888,2956,2901,3077,2734,3216,3260,3132,3635,2851,2286,2390,3393,3267,880,3293,3612,3511,2231,3141,3299,2912,3107,2574,2259,1249,3533,3130,502,2953,2730,2161,2120,2852,2764,2877,2467,2394,2096,2054,2749,1820,2743,2653,1334,2037,2009,2586,2553,2525,1461,2797,2295,2173,2606,2716,2432,2834,2479,2076,2093,2455,2558,2679
UPS,203,178,175,170,170,236,248,213,188,186,169,174,200,195,231,191,159,172,217,227,190,231,211,172,151,191,182,210,214,213,276,239,258,367,292,261,311,227,208,252,278,291,303,270,226,214,283,302,255,279,294,298,216,254,307,290,256,253,214,209,276,278,258,220,221,188,208,224,271,267,256,239,222,215,225,238,244,708,843,714,666,794,728,711,689,651,492,466,535,100,504,477,478,418,420,477,485,480,700,717,706,719,883,1006,1247,1554,1762,1605,1632,1923,2202,1862,101,1780,1526,1511,1439,1686,1660,1430,1307,1438,1776,1603,1572,1808,1665,1594,1349,1314,1512,1577,1518,1487,1441,1359,1230,1342,1558,1475,1480,1349,1099,1142,1231,1142,772,976,1093,1076,1099,1212,1782,1474,1156,1216,1247,1224,1279,1361,1348,1275,1268,1147,1145,1218,1457,858,1285,1341,1191,1368,1268,1442,1574,1485,1599,1700,1496,1573,1633,1564,1919,1574,1511,1433,1438,1526,1751,1473,1383,1285,1448,1311,1553,1619,1397,1416,1352,1306,1248,1477,1362,1344,1515,1268,1307,1356,1490,1478,1602,1695,1332,1293,1356,1460,1347,1447,1447,1288,1180,1394,1539,1346,1759,1347,1119,1360,1306,1405,1404,1303,1465,862,1001,1642,2463,1837,1683,1455,1336,1288,1459,1415,1372,1354,1382,1177,1141,1272,1330,1468,1272,1311,1114,1074,1207,1204,1342,1262,1266,1143,985,1293,1255,1297,1253,1343,1115,981,1183,2513,1908,1350,1309,1124,1036,1245,1233,1261,1311,1262,1082,1001,1267,1212,1230,1221,1238,1132,915,1213,1231,1220,1138,1203,946,940,1052,1093,1158,1120,1149,979,975,1060,1182,1210,1276,1228,1040,984,1062,1096,1192,1200,1124,867,837,1074,1182,1074,1167,1078,947,672,1064,1159,1237,1257,1127,911,928,1112,1173,1302,1102,993,860,965,1123,1240,1130,1109,1134,1068,997,1102,1218,1248,1251,1127,1026,854,1138,1194,1241,1162,1172,989,946,1057,1236,1119
Centene,13,9,8,11,6,11,5,3,8,2,6,14,7,3,18,6,6,3,21,9,7,10,2,2,5,6,11,13,7,12,49,80,65,72,85,74,60,50,49,54,34,38,56,61,59,53,72,47,54,35,61,25,43,23,35,44,55,34,40,40,39,42,32,26,31,42,50,45,23,30,18,17,15,22,15,20,19,57,87,84,77,83,73,55,70,56,43,59,50,42,45,36,27,34,43,42,63,63,58,52,64,52,70,77,85,94,110,153,135,151,131,159,123,201,185,155,182,130,169,166,167,157,168,167,136,137,170,155,91,146,143,135,119,133,134,113,122,118,134,176,169,121,110,148,91,107,83,132,151,108,122,116,117,111,101,113,113,103,118,93,119,84,89,82,96,112,125,93,119,138,117,84,86,89,108,121,139,90,109,96,121,112,102,100,119,80,104,86,149,135,155,104,111,124,102,103,119,97,80,79,113,98,120,91,106,80,115,125,106,131,110,132,94,98,100,118,117,103,104,81,88,92,111,114,125,107,112,119,102,104,106,128,106,106,124,117,121,110,100,107,85,91,115,109,101,137,133,121,139,122,148,142,129,117,99,97,140,121,121,105,91,107,117,94,113,169,121,131,79,128,108,117,101,75,86,87,97,135,98,117,99,110,84,94,124,127,136,100,123,76,75,118,106,86,77,113,105,92,129,114,119,107,106,103,114,132,119,95,96,114,90,90,88,100,115,106,95,89,118,111,98,114,124,101,79,98,104,124,97,88,117,87,96,108,155,206,192,122,81,106,131,137,107,105,112,96,122,147,172,151,121,159,110,122,170,193,124,146,173,125,129,145,172,152
Cigna,207,206,162,188,169,169,195,204,160,202,186,218,215,225,148,173,200,191,164,201,211,187,197,176,190,186,175,190,207,222,334,98,408,370,372,319,367,272,252,265,325,279,329,301,306,305,330,280,290,274,279,230,268,264,262,280,292,275,248,247,320,307,259,265,244,227,246,228,266,258,282,217,237,202,248,218,224,402,499,479,473,449,398,405,381,349,336,351,345,365,355,388,333,310,292,340,361,485,467,476,477,437,635,869,1246,1672,2265,2516,3319,3418,3103,3183,2768,2562,2453,2348,2555,2478,2297,2115,2095,1967,2137,1968,2023,2180,2239,2144,1891,1824,1849,1874,1823,1785,1797,1564,1562,1571,1572,1654,1526,1678,1542,1646,1751,1322,1222,1179,1397,1325,1362,1509,1552,1157,1294,1349,1398,1342,382,1618,1575,1679,1697,1545,1607,1589,1629,1643,1685,1647,1413,1467,1711,1914,1949,1973,1873,1694,1764,1714,1888,1831,1786,1867,1542,1681,1765,1651,1971,1659,1769,1486,1547,1688,2017,2383,1903,1828,1675,1700,1513,1607,1735,1645,1637,1433,1439,1581,1506,1640,1653,1841,1606,1463,1568,1687,1699,1784,1742,1408,1485,1606,1727,1699,1641,1669,1377,1435,1498,1643,1578,1579,1530,1341,1419,1602,1494,1541,1570,1631,1326,1433,1672,1542,1565,1531,1647,1422,1388,1550,1574,1551,1332,1480,1197,1268,1395,1492,1542,1469,1431,1214,1026,1340,1256,1390,1348,1386,1151,1079,1332,1380,1428,1236,1363,1231,1234,1428,1545,1510,1473,1539,1184,1204,1297,1447,1452,1421,1419,1309,1222,1458,1406,1456,1342,1273,1080,1105,1179,1315,1284,1305,1355,1112,1230,1544,1454,1421,1396,1323,1177,1169,1519,1390,1470,1298,1366,1084,1252,1302,1432,1329,1300,1373,1167,1249,1260,1295,1425,1333,1331,1158,1143,1208,1365,1344,1233,1264,1117,1130,1201,1210,1177,1105,1231,1187,1072,1285,1214,1287,1206,1220,1019,1072,1186,1323,1216,1232,1235,1116,1114,1327,1486,1496
Microsoft,279,241,180,170,270,268,251,251,316,212,174,400,294,316,259,304,187,159,302,312,372,342,313,221,163,283,301,307,287,259,293,351,409,587,590,515,410,275,255,446,702,465,739,457,282,250,450,529,541,575,888,412,330,508,1036,626,499,382,328,235,521,610,613,555,399,285,262,384,421,482,367,360,221,205,323,420,405,533,589,473,482,692,695,761,590,716,500,346,526,610,552,701,598,470,371,598,482,462,556,615,460,514,725,976,1181,1282,1482,941,959,1335,2826,2242,1823,1563,1130,1045,2217,1722,1617,1412,1134,942,950,1401,1343,1527,1349,1744,922,846,1276,1465,1567,1537,1527,995,774,1212,1376,1378,1262,1265,105,118,207,92,60,204,833,792,669,865,421,553,1197,1099,885,799,1381,1490,1524,1527,1312,999,841,1361,1484,1879,1864,2242,1580,1200,1459,1648,1866,2156,2126,1622,1872,2848,3190,2628,2477,1831,1129,1149,1776,1775,1619,1811,1643,1140,1007,1568,1963,1936,1522,1210,927,856,1287,1425,2395,2169,1635,1130,937,1335,1975,1810,1681,3261,1692,1098,1507,1498,1497,1496,1292,892,793,1541,1723,1891,1710,1334,792,830,1212,1542,1574,1401,789,806,753,1366,1765,1512,1705,1478,1024,894,1634,1553,1870,1963,2615,1518,1211,1921,2355,2430,1720,1506,1017,819,1268,1364,1467,1358,1039,718,645,1117,2180,1826,1447,1303,793,774,1110,1177,2022,1152,1679,1010,479,2039,2038,2149,3684,2953,1199,1168,1665,2260,1893,1819,2041,275,1012,3180,2918,2557,2693,1876,1026,771,1155,1477,1480,1510,1528,945,773,1616,1950,1719,1421,1614,1629,2606,2238,1632,1553,1500,1299,734,628,1311,1797,1513,1507,1508,855,701,1300,1916,1715,1687,1571,987,815,1823,1726,5117,2471,2079,1332,1221,1772,1892,1896,1814,1321,822,926,1360,1420,1641,1329,1490,1101,992,2298,1974,1018,1736,1590,948,791,1193,1666,1963
Verizon,9,14,3,11,7,3,5,15,11,9,12,10,9,16,20,20,16,5,17,16,9,12,17,6,6,13,8,14,8,24,37,57,42,49,52,101,43,24,18,37,41,27,42,41,38,29,30,46,24,26,30,32,41,41,38,30,24,29,29,32,316,67,41,35,31,37,38,43,40,38,34,17,13,13,19,25,28,33,43,27,25,31,31,27,27,31,19,14,41,22,16,33,24,21,16,21,14,17,35,42,45,44,45,223,123,89,125,99,85,107,106,83,92,78,79,88,89,146,88,66,87,183,46,71,96,141,112,110,69,73,78,84,91,83,64,56,73,68,78,60,65,61,46,76,54,37,57,54,65,77,103,97,114,120,108,100,60,45,77,151,82,76,85,51,78,65,58,58,117,90,82,77,72,85,104,108,142,81,66,79,92,79,68,108,67,72,139,150,86,87,61,70,60,273,158,207,133,106,51,47,63,95,125,96,94,79,87,105,265,182,1400,1696,612,499,470,312,234,174,221,140,144,175,182,175,138,134,107,110,135,117,164,179,124,97,96,94,90,93,82,82,65,64,63,116,93,159,135,63,65,63,72,87,88,81,89,50,69,68,72,51,85,63,50,81,152,146,121,124,88,78,78,79,81,94,74,44,81,77,117,107,86,93,63,82,132,137,87,117,281,247,93,1058,661,200,151,118,83,63,57,80,80,79,96,47,69,72,72,76,117,73,66,58,63,55,127,83,64,42,50,204,115,354,151,74,63,58,72,138,88,86,66,40,39,84,83,68,102,75,54,48,45,49,120,103,69,61,62,65,77,75,66,60,49,53,178,82,129,136,94,46,74,50,91,98
IBM,62,23,17,24,22,28,24,18,43,16,16,45,35,44,20,26,12,15,18,17,30,24,16,20,27,51,43,35,31,24,27,43,37,53,45,35,37,18,26,45,34,28,31,31,20,22,34,40,32,28,26,20,14,31,48,37,42,20,23,17,13,64,43,22,27,10,17,18,22,28,35,24,22,10,20,33,51,60,40,22,51,66,61,60,69,45,37,35,43,52,34,26,45,18,27,38,24,31,42,47,30,58,79,73,97,117,182,135,115,178,186,184,137,148,113,109,155,220,264,142,104,98,136,133,133,119,142,136,95,70,142,242,223,166,183,99,212,225,191,172,145,187,134,160,136,127,126,116,102,96,274,116,161,215,299,125,309,145,207,181,126,105,93,91,109,145,111,104,111,111,121,91,128,153,134,161,149,127,112,179,159,219,170,165,98,109,127,332,275,203,184,97,79,152,157,158,106,118,95,116,166,144,154,122,110,121,81,132,162,156,201,191,129,90,141,144,116,102,96,87,107,157,135,133,113,109,96,111,102,114,127,126,115,102,106,114,114,97,121,211,109,97,130,119,150,119,107,87,79,129,234,190,136,137,107,97,128,106,91,127,137,84,85,108,163,185,214,102,73,100,261,253,222,121,121,87,88,98,219,219,137,179,143,168,141,181,142,124,135,111,107,82,125,148,125,98,87,81,108,106,133,112,91,119,117,113,165,135,148,247,479,462,328,280,275,132,92,61,80,135,142,93,92,109,89,67,90,134,141,147,105,86,55,165,154,13,130,114,79,76,100,187,130,125,108,5,87,94,110,128,78,134,72,86,100,104,182,202,95,57,104,124,132,123
UnitedHealth,5,6,0,2,2,2,7,3,5,0,3,4,2,3,3,7,2,2,1,3,7,8,7,6,4,3,1,5,6,3,2,4,8,3,1,3,8,2,3,2,4,3,6,1,4,2,2,3,3,8,8,5,6,2,5,7,1,4,1,0,6,3,2,4,3,1,3,4,3,8,7,3,4,3,0,14,9,3,8,14,6,2,1,4,14,33,9,10,6,5,6,5,8,3,3,2,2,9,5,11,8,12,9,20,19,16,28,41,40,23,92,68,47,47,62,25,49,45,34,42,25,37,28,35,29,6310,7894,5880,3755,3080,4327,4194,2579,2079,2172,1233,745,1050,1036,826,770,570,385,340,694,359,192,222,274,262,197,295,256,256,229,241,198,135,146,144,219,291,240,170,110,141,201,242,465,396,152,130,90,86,79,175,244,190,155,173,117,101,94,117,135,110,104,130,198,203,171,142,145,212,345,199,166,134,147,104,109,160,173,118,529,278,134,130,136,147,101,81,68,54,84,71,87,93,81,79,54,81,62,61,98,79,44,49,75,55,48,58,91,66,53,61,672,83,93,87,55,51,51,602,169,94,91,57,204,62,82,74,46,77,69,36,131,95,55,515,311,55,49,80,70,49,56,273,103,30,296,88,53,48,88,40,27,63,79,65,115,135,45,25,59,422,278,643,302,123,81,188,142,736,350,200,98,71,144,100,121,87,109,52,53,98,79,178,181,83,46,39,77,62,122,74,50,69,50,79,63,48,52,90,71,33,66,118,98,110,92,38,49,51,62,87,65,40,39,59,33,27,54,31,33,125,104,61,78,99,76,159,97,53,48,78,74,343,103,41,53,108,272,112
ExxonMobil,1,12,3,2,0,3,1,3,3,0,2,3,4,4,4,1,4,2,3,4,7,5,3,3,2,5,6,1,5,6,21,57,47,41,40,44,43,25,35,25,24,40,32,32,25,19,15,26,28,26,27,22,22,87,88,29,26,32,17,51,32,23,19,21,21,30,23,26,20,31,29,15,8,11,4,6,6,9,7,5,7,15,6,6,3,7,6,6,7,11,21,36,26,9,7,6,7,2,11,12,8,8,9,58,66,40,28,21,27,21,16,38,30,28,60,43,24,26,29,22,19,15,13,18,17,29,26,24,16,17,16,23,51,28,29,20,13,21,19,16,22,9,12,12,11,8,7,13,12,10,11,10,13,8,13,15,15,14,9,29,47,44,26,29,19,27,28,36,21,16,10,7,8,15,31,27,42,21,26,19,20,23,19,55,17,14,21,21,8,17,16,12,6,15,17,17,19,20,12,13,14,14,24,17,42,19,12,16,25,20,20,17,23,23,22,14,52,29,22,18,13,39,48,28,24,20,15,9,19,19,22,22,13,13,20,24,25,14,19,29,18,9,20,19,36,19,18,11,21,32,49,24,26,15,7,14,11,54,34,29,21,8,12,22,21,32,34,27,27,17,21,25,27,20,45,28,29,31,20,26,22,18,14,18,24,15,31,57,27,10,11,24,11,12,16,19,15,7,16,22,28,22,16,25,16,28,22,33,17,16,17,20,11,11,9,16,21,11,11,17,25,25,18,20,20,13,35,30,11,23,10,14,14,18,21,44,19,11,19,16,22,33,28,42,46,15,17,16,20,15,21,37,108,14,15,15,22,22,20,14,27,14,28,22
McKesson,3,5,0,1,0,1,11,3,1,4,3,6,4,2,3,3,2,2,6,4,5,4,4,2,2,0,1,2,6,2,1,1,1,2,1,4,3,1,1,1,2,2,5,4,4,4,4,5,0,3,8,1,3,5,3,3,3,4,2,1,6,4,3,4,2,2,2,4,5,0,6,1,5,1,2,0,3,6,4,2,2,7,2,0,7,0,4,4,1,5,1,2,6,3,5,6,5,6,15,13,8,5,13,30,27,34,24,58,36,54,63,51,36,56,58,52,30,35,39,26,36,25,32,59,56,36,51,51,36,28,33,26,36,13,27,22,55,35,33,66,39,17,30,36,17,36,24,23,27,17,15,24,23,23,12,25,29,17,22,38,19,20,29,33,21,40,32,36,28,49,26,29,39,73,50,52,43,26,37,32,50,43,38,35,51,75,65,72,70,55,46,38,46,35,39,32,40,37,48,65,74,75,42,47,47,20,90,60,83,61,72,49,47,31,51,46,48,36,32,40,34,95,49,47,44,20,28,46,41,42,51,47,42,35,36,44,65,45,34,46,32,50,66,57,54,40,47,35,57,31,43,42,48,43,34,28,42,32,32,40,32,38,44,27,48,32,44,51,27,37,24,34,40,33,57,52,47,54,40,36,59,32,19,39,32,19,31,33,25,23,37,36,34,46,36,38,40,30,26,42,40,41,28,25,72,36,35,20,31,49,32,24,65,48,48,35,37,37,55,43,42,28,44,56,31,29,28,25,22,35,24,40,36,23,27,35,48,30,21,27,27,27,28,30,30,34,40,35,38,28,58,37,29,15,20,36,38,24,25,25,33,41,41,27
Chevron,23,56,21,16,13,32,22,17,12,13,18,64,39,33,34,14,9,10,20,34,16,17,14,14,11,15,17,16,19,26,23,14,16,19,16,16,23,10,6,7,20,8,14,13,9,10,17,14,20,25,19,16,11,38,24,31,24,27,16,18,45,39,24,25,17,13,18,21,33,38,16,20,13,12,14,17,22,20,26,26,25,33,34,30,16,25,15,19,22,19,16,35,30,20,12,12,31,41,53,35,36,72,65,61,72,94,151,138,89,74,65,86,95,86,143,97,117,88,86,49,50,99,74,88,85,118,90,79,89,88,127,78,82,75,71,44,43,60,70,57,62,78,47,38,45,37,30,51,50,28,40,53,54,52,108,239,74,62,47,59,72,74,91,86,56,78,47,89,81,68,60,59,96,96,77,91,90,78,66,57,137,163,69,219,137,92,90,104,83,47,69,69,114,111,101,246,233,143,66,63,72,88,184,81,70,58,58,68,78,149,207,137,47,68,63,122,160,89,97,60,68,93,103,120,123,69,42,44,68,66,79,87,69,66,92,134,82,115,102,55,37,51,58,88,56,72,115,118,90,104,109,76,66,93,72,60,87,76,80,69,62,43,45,81,118,125,153,96,87,84,110,82,59,75,130,48,62,65,62,63,55,52,50,40,53,74,74,58,58,37,36,65,107,105,84,94,66,45,47,94,112,129,92,49,78,80,74,48,48,43,52,44,57,39,63,45,57,33,30,67,70,79,62,62,40,58,71,47,73,80,65,63,48,45,49,74,55,59,40,30,52,44,54,56,47,26,34,50,67,61,57,203,63,33,64,69,126,122,154,103,103,95,96,84
Cardinal Health,2,0,2,1,1,4,2,3,1,2,4,1,1,3,2,9,1,1,3,1,3,3,4,6,5,6,2,1,16,25,75,62,73,45,41,33,34,23,15,24,19,26,23,18,32,23,11,22,23,42,91,62,25,30,16,16,44,15,18,23,11,15,15,7,15,15,7,7,19,49,59,25,15,7,2,11,13,8,35,13,18,16,18,5,14,7,5,13,9,7,15,6,7,8,8,5,11,11,8,15,25,12,11,20,14,24,22,20,23,21,23,13,30,14,17,12,20,29,14,17,29,13,14,27,16,15,33,9,10,18,15,12,16,12,19,24,23,13,45,23,17,12,22,13,15,13,33,14,33,21,13,26,18,36,13,17,30,14,32,14,11,11,11,6,13,12,10,17,12,17,24,7,16,16,20,15,14,12,11,22,12,13,15,20,16,8,16,15,12,8,10,15,17,11,8,12,14,11,17,12,11,9,16,16,19,6,6,9,10,18,14,11,11,8,10,7,12,14,9,12,10,7,19,14,11,8,13,7,13,10,11,6,15,3,11,7,15,7,16,13,5,11,8,15,9,7,11,9,15,10,12,12,6,75,11,13,9,5,14,20,9,13,12,5,9,8,9,12,11,11,8,3,14,13,14,15,17,11,4,10,11,19,3,9,11,10,10,11,20,5,9,12,7,5,14,12,23,7,4,9,13,14,11,9,7,13,7,20,10,13,15,6,13,11,6,17,10,12,6,9,11,7,15,7,7,3,11,23,11,13,12,4,5,7,12,11,8,9,6,6,9,7,11,12,10,6,4,14,9,17,13,15,11,9,12,14,10,3,6,9,3,8,18,16
Home Depot,144,144,126,115,109,161,133,157,143,120,119,136,201,125,123,145,115,124,195,159,117,131,239,117,110,146,327,243,196,230,467,563,648,661,615,511,532,476,464,434,499,570,593,548,425,440,462,518,499,472,469,389,341,507,489,540,577,468,446,382,440,454,518,531,497,412,341,458,767,582,383,385,316,260,356,357,392,622,634,607,607,633,628,617,565,539,470,364,487,589,468,523,536,411,373,453,579,440,520,598,516,592,734,748,1244,1726,1462,1477,1398,1681,1773,1700,1617,1564,1356,1437,1496,1592,1508,1428,1611,1461,1214,1351,1326,1403,1276,1322,1146,1103,1111,1225,1343,1341,1572,1232,1103,1125,1292,1329,1200,1152,1181,1044,1007,1081,1091,1045,1070,869,628,813,940,676,741,556,776,703,842,902,887,833,863,722,831,441,1123,1079,1346,1094,931,1224,1337,1308,1292,1463,389,1496,1343,1299,1371,1286,1329,908,464,881,914,1024,1213,294,971,1308,1348,1343,1451,1388,1330,1437,1359,1276,1277,1313,1182,969,692,1046,911,1043,1082,1092,1069,1196,982,853,931,1247,1298,1378,1187,1125,887,1062,1208,1204,646,1106,1793,1263,1344,1341,1422,1510,1374,1247,1144,1328,1379,1832,2351,1449,1395,1119,1386,1460,2928,1640,1637,1432,1282,1307,1605,1564,1395,1458,1304,1199,1224,1507,1507,1441,1520,1340,1139,1400,1535,1532,1570,1563,1315,1152,1332,1385,1677,1379,1673,1465,1037,1341,1392,1569,1559,1380,1200,1119,1325,1362,1363,1382,1482,1387,1195,1411,1604,1585,1401,1425,1206,1149,794,1027,1593,1701,1383,1294,1082,1489,1387,1448,1366,1606,1939,3238,2436,2538,2116,1597,1457,1300,1069,1255,1371,1439,1368,1585,1667,1177,1397,1536,1740,1625,1376,1353,1084,1919,1894,1358,1418,1433,1464,1303,1460,1647,1731,1427,1561,1329,1182,1245,1545,1520,1329,1545,1235,1073,1332,1443,1398,1349,1349,1457,568,1488,1556,1652
Walgreens Boots Alliance,1,0,0,1,5,1,1,1,1,7,1,1,2,4,5,8,17,4,1,1,0,5,2,5,2,2,2,2,2,7,14,4,4,26,3,3,1,1,1,3,1,3,2,7,3,11,0,4,4,1,0,3,3,7,0,2,6,5,12,2,3,10,3,6,3,9,3,6,8,7,5,4,4,10,2,10,5,4,3,6,2,6,5,3,13,4,8,1,1,1,4,1,7,0,5,1,1,3,16,2,11,31,9,12,21,34,23,71,42,22,27,34,37,43,134,43,35,155,40,34,27,95,32,47,25,30,30,32,32,113,36,63,102,41,33,34,70,31,38,37,34,38,58,116,61,50,37,87,27,49,84,32,25,66,33,36,80,52,31,29,38,33,68,88,36,45,35,62,50,64,66,40,35,76,38,37,30,68,40,32,32,32,51,48,90,49,76,44,31,50,36,110,46,32,41,64,38,22,62,23,27,34,20,24,25,49,27,44,32,29,52,56,101,66,34,46,29,56,100,68,44,38,81,37,32,30,64,35,25,24,18,24,11,19,38,17,15,23,15,26,41,18,39,22,20,22,26,108,32,41,75,26,36,17,43,24,23,31,20,25,80,22,10,167,52,34,29,24,52,28,26,43,24,21,42,78,25,19,18,13,17,18,25,24,38,15,12,23,14,14,13,19,16,18,20,22,9,13,11,23,19,18,24,24,13,45,21,17,29,18,24,19,22,23,29,26,21,7,16,19,23,13,29,22,13,20,41,57,23,43,29,22,20,21,42,38,19,23,28,23,26,23,27,17,36,20,15,19,31,19,28,27,33,25,26,26,17,27,26,19,23,31,33,43
Marathon Petroleum,36,15,24,13,15,18,16,19,27,14,27,22,7,9,4,7,6,5,8,6,4,4,7,7,5,2,0,8,4,9,15,15,13,6,12,11,12,13,8,10,6,5,3,10,13,12,9,9,11,3,7,11,9,14,8,10,9,7,2,11,7,6,7,5,7,8,5,2,4,5,14,9,7,6,9,9,9,41,30,30,11,24,17,21,19,11,15,12,9,13,21,19,24,9,17,14,8,14,29,15,26,17,12,19,19,23,32,36,29,62,42,60,46,20,44,29,35,43,34,40,39,22,39,38,24,41,44,41,12,20,32,18,28,25,13,20,21,17,19,28,44,17,23,20,20,12,14,25,19,19,14,26,17,22,16,25,14,12,12,25,21,31,17,27,21,27,27,34,35,23,30,26,13,28,28,34,45,26,29,26,36,25,15,31,19,13,36,42,36,53,55,26,22,26,23,23,23,17,18,19,31,18,27,35,35,40,36,87,71,28,25,33,24,26,27,49,39,31,38,25,17,39,50,29,38,50,36,29,62,69,41,72,70,47,25,33,56,42,38,56,21,30,45,39,53,42,37,43,28,50,66,70,43,58,41,27,40,38,44,41,47,27,28,19,37,39,40,21,19,26,17,37,38,34,34,15,19,45,38,34,67,42,16,14,31,34,47,37,28,21,32,32,48,50,23,30,17,14,22,47,32,38,33,26,13,25,36,58,42,52,15,20,30,18,20,18,17,23,20,28,26,26,55,30,26,11,25,32,18,27,23,17,11,14,25,24,17,26,14,10,30,24,37,36,17,17,16,16,30,26,15,22,16,23,20,33,14,17,17,25,10,9,33,25
Cencora,31,33,35,36,34,29,34,30,23,26,26,33,37,53,27,24,19,43,43,38,40,31,47,40,34,35,46,40,258,1590,4814,4802,4794,4818,4786,4799,4621,4325,4784,4496,3598,3455,3220,2865,2430,2527,2528,2286,2078,2263,2096,1912,1945,372,2079,2604,2626,2520,2271,2245,1608,1985,2196,2239,1891,94,1601,1494,1764,1317,858,811,668,468,662,660,699,644,714,575,562,905,961,708,619,556,522,474,574,631,608,622,593,443,442,574,515,508,499,434,407,379,505,471,507,452,413,521,482,591,551,605,595,769,793,825,586,582,594,746,747,642,783,729,577,638,945,601,416,426,585,827,746,597,654,707,480,452,478,463,530,529,416,380,443,560,360,363,382,423,707,655,683,457,438,551,198,402,510,424,482,476,442,431,403,424,443,419,553,490,368,304,406,432,461,458,816,679,657,701,723,727,593,880,722,731,748,511,504,761,768,751,777,724,520,711,811,721,368,334,412,390,418,348,431,439,992,966,756,483,812,683,689,578,480,650,670,702,737,635,598,867,779,735,708,760,431,365,414,352,405,376,417,290,294,316,388,377,391,332,314,329,395,376,525,549,480,343,323,367,417,375,362,355,327,307,360,381,419,377,433,494,384,331,433,417,333,793,759,664,840,954,814,650,646,598,620,741,705,712,709,637,620,588,338,375,344,433,618,660,629,606,667,621,640,653,650,620,644,655,627,683,674,621,591,632,669,672,662,475,670,635,674,726,96,664,684,590,581,611,621,628,619,190,583,569,616,662,694,693,622,638,611,649,620,610,641,591,632,604,688,637,610,697,665,583,571,629,710,664,666,649,596,588,610,627,649,666,569,542,572,627,616,606
Ford,1376,1267,1066,1306,1394,1455,1412,1354,1243,1129,1041,1277,1340,1262,1327,1335,1234,1090,1337,1250,1490,1437,1554,1233,1141,1334,1703,1521,383,2389,5055,696,4630,4144,3810,3579,3816,1082,2780,694,3227,3311,3105,3123,994,2622,3059,2701,2816,2971,2874,2543,2474,2759,1576,742,3313,2852,2323,2466,2543,2685,2835,2826,2564,2204,2245,2368,2485,2309,1913,2067,1763,1799,1964,1877,2053,4155,1973,3156,3652,3641,3532,3310,3302,3349,2769,2947,3159,3193,2917,2980,2675,2786,2608,2691,3327,3738,3961,4129,3746,4373,5290,5464,1202,4321,5997,5868,5824,5901,5988,3534,5970,5921,5715,5411,5893,6199,5689,5015,4893,4974,5004,4928,5997,5656,5447,5612,5100,5312,5721,5590,5730,6760,7527,1717,5567,5604,5543,4861,5333,5378,5196,2704,5269,5209,2562,5088,5115,5170,5291,5685,5620,5399,5581,5401,5491,5677,5964,2712,5825,5927,5802,5426,5386,5692,5597,5864,6235,5813,5468,5518,5907,6047,6066,6283,6295,6426,6376,6317,6479,6445,6343,5702,6405,7230,8965,8081,6953,6390,6781,6571,6650,7564,6810,7122,7501,7193,6536,6325,6566,7436,6480,6911,6619,6958,6215,6468,6731,7232,7972,7580,6413,5538,5686,7200,7661,5180,6112,4839,5406,6417,9309,7931,6632,5965,2949,5159,5501,4458,5208,6874,5292,2534,4543,5632,4635,4435,5471,6083,5589,5961,5803,5668,6030,6092,6015,5583,5625,5784,4891,5548,5559,5718,1898,5316,5673,5063,5299,5833,5630,5604,5473,5530,5554,5592,5586,5753,5478,5478,5732,6655,6157,5996,5551,5514,5515,2262,5870,5988,5787,5711,5452,5393,5501,5394,5746,5716,5028,2480,5181,5541,5720,5368,5548,5534,5449,5599,5448,5550,5685,5710,5485,5535,4877,5598,5694,5756,5789,5777,5506,5462,5598,5581,5692,5711,3693,5552,5383,5590,5629,5775,5933,5682,5567,5428,5579,5681,5618,5441,5687,5508,2026,5481,5593,5942,5817,5487,5368,5251,5648,5533,5587,5576,5705,5327,5688,5471,5520,5528,5545,4397,5396,5245,5292,5647,5833,5444,5315,3596,3989,5192,5357,5830
Citigroup,3095,2950,2749,2709,2759,2982,2970,2986,2949,2712,2777,2927,3391,3076,3871,2989,2896,2744,3089,3234,3181,3148,2765,2300,2400,2515,2528,2571,3128,4064,4764,4486,4747,4711,4739,4733,4700,4701,4704,4671,4712,2427,4707,4525,4708,4632,4457,4706,848,4716,2647,279,3573,4713,4693,1688,4685,650,4659,4651,4794,4675,4772,3024,4600,4760,3885,4773,283,4734,4712,1271,4188,4069,372,4782,4592,4828,3270,1343,4789,4814,2313,4839,2003,4804,4823,4756,4765,476,4830,4804,1143,4774,4810,4805,2381,4779,4793,4809,4807,4796,4829,4812,4815,1840,3081,673,4802,4805,4798,4802,4789,4795,4741,4732,1515,4750,4748,4688,4689,4661,4706,1601,4667,4715,4720,4738,4703,4703,4723,4728,4713,4702,4736,4703,4738,4720,4725,3954,4709,4662,4682,4725,4742,4729,942,4727,4769,4709,4734,4753,4820,4768,4772,4817,4782,102,4760,4799,4777,4337,4832,4773,4813,309,1225,4808,4784,4803,4731,4787,4740,2960,4764,4790,4743,4755,4756,4748,4802,4736,4732,4768,4790,4756,4785,4748,4760,4741,4772,4795,4794,4800,483,4805,4878,4815,4724,4809,4100,4797,4774,4821,4876,5206,4796,4794,4769,5237,5082,5212,5084,4874,4901,4854,4805,4811,4752,4785,4746,4749,4778,4782,4797,4763,3868,4797,4809,4758,4770,4761,4759,4754,4732,4775,4778,4780,4795,4812,4766,4753,4299,4796,4838,4789,4793,4715,4777,4719,4775,4753,4775,4800,4757,4636,4801,4149,4135,4799,4829,4791,4768,4816,4836,2135,4838,4838,4778,4784,4812,4826,4834,3054,4806,4807,4797,4811,4808,4819,4821,4843,4832,4770,4824,4838,4837,4817,4533,4817,4686,4784,4788,4795,4825,4798,4802,4762,4819,4828,4832,286,4795,4855,4832,1152,4874,4518,4884,4863,4863,4820,4909,4885,4910,4824,4855,4843,4878,4772,4795,4792,4218,4330,4291,4833,4790,4817,4849,4842,4842,4851,4851,4822,4823,4872,4832,4841,4835,4797,4805,4817,4784,4780,4812,4844,4832,4318,4904,1390,4861,4861,4802,4818,4885,4846,4923,4853,4877,4847,4842,4882,4830,4879
Dell Technologies,40,23,32,15,16,30,34,32,35,30,32,20,28,33,42,26,21,29,26,24,22,27,31,36,30,36,38,30,63,56,74,66,47,79,98,70,97,59,65,54,78,59,50,60,53,39,62,55,61,78,69,59,44,71,74,66,78,59,44,42,55,68,57,43,58,33,52,62,139,74,61,55,43,31,42,46,48,57,59,55,62,86,63,79,85,68,58,55,75,64,69,52,65,55,36,71,78,56,67,88,82,97,151,120,138,149,165,154,213,261,239,214,191,190,228,173,221,261,292,258,195,198,183,213,190,234,330,155,159,140,159,200,141,153,134,141,194,133,152,116,133,131,683,198,194,153,108,120,136,122,181,132,128,145,176,138,108,106,360,513,253,185,139,168,141,144,156,146,171,149,115,99,134,114,167,173,165,132,111,201,200,146,167,216,136,178,173,195,195,159,183,192,140,166,176,167,170,183,137,128,172,142,154,149,155,125,120,157,149,171,151,189,129,105,161,167,212,193,123,151,142,175,166,159,178,154,129,94,143,134,164,135,141,122,110,136,158,143,143,162,131,111,118,134,153,191,160,136,110,165,175,195,208,161,214,148,127,132,137,141,148,99,89,102,103,126,151,139,113,93,136,123,134,146,137,116,116,201,169,146,171,133,124,159,145,172,133,221,139,127,118,193,192,207,266,169,136,105,119,144,133,200,174,127,109,165,182,164,190,149,119,124,198,177,178,158,158,145,169,171,126,163,134,142,131,101,139,274,126,165,159,123,126,164,130,114,125,108,110,117,116,134,129,132,158,111,124,154,163,146,142,121,90,86,198,158,150,112,114,107,91,130,147,153
General Motors,170,177,152,136,151,181,170,233,225,175,157,163,232,197,169,206,155,176,254,231,205,212,196,177,164,226,209,210,257,266,318,297,306,337,279,272,321,226,253,230,299,254,326,273,214,227,238,234,326,273,249,229,249,266,246,261,286,229,194,204,215,252,220,286,235,195,199,259,267,262,245,239,179,189,217,185,213,730,99,1270,193,946,1115,1001,828,787,768,704,753,719,667,607,560,573,598,698,662,452,778,854,851,869,1060,1141,1341,1602,2003,1736,393,111,1065,2321,2000,2077,1850,1716,2280,662,512,1435,1450,1213,1358,1678,1694,1595,1557,1461,1192,544,1447,1156,1696,1829,1412,384,1174,1327,1304,1332,1324,1205,1067,388,1260,483,671,923,1047,1190,1124,1145,1048,757,1052,1139,1069,1124,1629,15,1457,1464,1412,1209,1074,1308,1267,1118,1127,1277,938,1064,1068,1104,1415,1392,1264,1297,1136,1190,1321,1235,1200,1160,1148,1689,1586,1394,119,1227,1186,1030,964,1185,1214,1141,1219,1033,969,992,285,1144,1060,1144,1190,1315,990,1077,1390,1691,1446,1333,1208,1013,1249,1226,1384,1275,1408,1120,956,1381,1313,1185,1187,1093,1026,1107,1024,1157,1141,1153,1098,869,904,1045,999,1149,1365,1229,1011,941,766,998,982,1051,1030,858,910,1141,1421,1139,1031,1206,897,867,1128,1105,1112,1193,899,984,766,1203,1223,1240,1073,1270,1064,870,1074,1358,1219,1347,1126,922,868,992,1068,1203,1202,1129,889,840,1078,1142,1009,950,931,836,828,1086,1012,990,963,1004,843,741,859,872,970,1050,1009,828,673,927,1031,1033,814,874,820,691,826,940,952,895,845,738,742,849,934,895,867,892,791,695,932,893,875,1044,955,943,743,945,994,928,812,761,664,801,922,827,900,851,797,720,719,819,851,918,891,722,761,698,875,1552,1437,1069,1035,835,749,810,835,976
Nvidia,76,88,78,76,252,130,48,60,51,33,35,56,50,62,59,50,36,26,78,87,72,46,55,59,39,87,120,356,330,154,75,68,87,191,355,186,133,87,72,84,109,123,112,68,67,56,69,116,84,62,72,53,65,46,90,92,92,115,62,49,81,95,123,124,99,43,46,91,230,130,93,106,73,58,119,127,86,110,122,110,93,136,208,234,170,153,97,89,126,142,103,111,195,197,136,221,200,202,217,176,137,118,154,250,376,297,255,213,279,491,497,926,861,512,325,302,460,498,402,324,321,202,261,428,450,441,469,412,280,247,619,566,427,388,443,267,260,401,613,633,489,411,283,234,360,269,174,291,333,242,255,480,366,292,428,192,301,266,628,1457,1370,869,449,366,322,655,520,463,491,404,229,205,362,380,474,540,428,327,233,4790,4545,1763,1238,1129,606,327,693,650,667,628,419,291,286,457,527,458,447,425,304,261,299,157,491,224,492,394,434,588,760,1147,1264,836,378,283,671,732,647,614,505,209,254,622,505,179,560,456,262,291,405,1255,1642,1093,655,360,348,509,550,636,564,477,267,224,406,341,489,208,780,327,475,768,470,574,669,387,428,307,748,977,1941,1000,540,293,122,539,508,834,417,372,232,284,478,381,450,399,435,259,129,312,467,474,528,361,242,222,792,765,793,568,615,264,379,1404,765,874,961,479,432,345,442,604,1177,1413,676,302,241,406,661,802,778,443,297,255,540,600,262,598,432,327,244,338,410,344,346,315,262,220,273,436,512,572,514,327,406,376,416,419,398,357,281,264,362,376,1208,1088,605,322,324,477,1501,910,584,453,361,345,501,521,505,564,402,314,320,404,497,483
Pfizer,7,13,11,3,5,9,11,4,5,5,7,17,10,9,5,24,20,4,11,9,15,61,27,18,18,17,19,18,23,58,64,39,23,33,52,22,26,30,25,27,18,37,21,26,31,40,23,29,31,29,45,25,20,26,23,28,15,29,33,24,17,30,19,22,16,23,12,44,25,26,22,16,29,31,22,28,24,22,28,23,19,23,27,27,17,19,18,9,26,39,9,15,12,7,28,12,13,14,23,20,22,22,38,33,38,75,141,94,65,90,84,100,81,101,106,64,61,67,60,63,65,53,36,70,43,49,71,80,54,42,61,88,60,77,71,58,41,78,89,168,71,57,59,36,183,217,130,134,109,47,63,62,84,49,56,71,63,46,66,76,55,53,28,29,26,34,46,42,39,42,55,42,33,76,44,67,53,64,36,54,42,43,36,38,30,62,56,119,62,67,57,62,266,188,44,66,75,50,53,43,65,47,58,88,97,67,56,85,76,45,6,68,30,22,38,60,107,41,39,19,31,64,50,45,58,43,30,26,71,47,39,39,34,31,23,56,41,63,54,68,51,38,69,64,72,75,66,61,40,52,53,83,59,70,32,32,141,68,69,54,56,40,16,54,59,44,44,66,41,30,73,95,58,59,63,61,30,51,65,55,43,37,24,53,84,60,411,96,83,39,119,76,135,121,15,94,53,59,28,33,52,58,62,40,34,61,45,45,55,41,29,36,55,55,47,34,37,34,28,37,44,32,37,28,20,18,28,16,33,58,55,33,20,47,49,38,41,28,26,32,36,50,39,74,45,21,26,25,42,62,71,38,33,25,33,34,44,31,42,22,21,31,33,27
Procter & Gamble,125,74,83,82,52,83,62,112,66,63,56,69,75,85,90,99,84,66,84,86,75,63,85,65,48,67,82,71,88,103,209,254,316,331,315,291,299,191,237,384,285,252,267,295,224,212,202,191,184,236,249,216,174,253,218,187,227,216,163,162,207,171,232,222,194,182,170,203,190,188,143,139,128,111,116,183,148,255,347,274,222,263,235,292,220,184,210,194,187,207,209,212,193,162,152,163,169,181,251,238,252,314,330,312,478,507,611,595,607,706,657,721,894,662,521,554,623,623,592,533,451,500,604,547,559,597,605,661,504,517,469,461,485,502,465,525,482,564,575,459,519,597,496,481,428,422,324,352,455,454,443,451,456,412,490,505,496,521,391,530,503,507,513,478,438,495,573,503,493,541,361,404,450,471,550,476,550,556,489,495,551,551,484,519,509,544,544,573,548,628,545,618,490,516,494,612,593,609,466,388,402,475,586,513,611,463,446,526,542,511,548,512,436,506,494,515,479,557,531,488,546,501,472,488,551,546,475,502,572,552,488,577,540,462,437,588,478,559,573,531,530,442,595,639,549,525,655,394,474,462,579,524,593,521,479,418,463,327,482,479,444,401,360,403,392,459,478,515,386,423,417,489,475,434,449,381,375,446,437,446,450,432,363,302,414,467,386,450,413,397,413,432,586,699,428,470,395,359,384,416,504,461,479,383,403,409,463,500,729,537,425,372,486,490,466,439,473,375,418,460,460,490,507,460,418,363,460,478,454,464,519,413,397,465,506,490,466,431,359,440,426,461,444,395,461,372,449,554,523,549,502,372,415,395,425,604,476,554,441,415,404,447,634,545
Comcast,12,8,5,4,3,11,9,4,4,4,6,7,10,10,6,10,4,1,14,5,7,8,4,7,6,8,3,9,8,7,3,9,7,6,12,8,8,5,4,7,9,7,8,9,14,8,1,10,11,14,7,4,8,7,8,14,9,16,11,8,11,12,16,7,15,10,9,16,29,12,15,13,7,0,8,12,18,16,16,14,13,8,20,25,18,8,13,10,22,16,10,38,15,17,16,15,13,11,27,18,24,28,24,35,31,54,86,80,52,171,169,608,319,239,226,155,161,127,97,72,40,39,58,62,65,68,169,85,61,70,91,77,72,117,88,56,157,111,84,54,78,62,96,60,49,68,39,24,51,18,39,31,62,40,59,153,55,40,60,59,56,51,44,46,186,203,413,189,80,82,51,50,49,61,61,95,138,84,63,59,63,100,136,89,64,65,58,95,69,57,72,37,53,73,55,171,133,74,49,28,56,44,57,50,145,457,133,268,635,636,428,363,318,179,162,118,103,100,111,80,39,95,72,61,97,62,36,42,60,68,100,71,64,44,57,42,59,44,79,73,36,63,69,71,55,61,52,25,48,31,37,103,51,51,39,35,68,78,133,176,105,37,49,47,63,54,112,102,53,60,75,55,44,58,46,30,37,48,87,56,78,72,36,27,44,51,48,35,62,64,40,76,60,71,75,73,29,24,37,37,35,25,40,25,29,45,53,47,64,80,34,32,81,95,165,61,54,33,22,59,56,60,37,55,37,31,50,50,52,60,81,35,39,64,43,57,66,51,35,31,57,50,62,47,43,46,27,70,60,49,62,64,34,23,41,48,62,63,67,38,45,57,72,82
Johnson & Johnson,805,726,619,625,674,777,804,834,720,633,667,737,808,815,808,736,660,667,775,772,787,813,774,678,672,745,782,818,198,1021,2310,972,2108,2371,2125,2053,1999,1912,657,1643,1775,2049,1819,1750,1714,2284,1755,1914,1731,1889,1661,1656,1757,1872,1746,1732,1820,2159,1442,1283,1603,1675,1665,1584,1452,1363,1297,1546,1596,1355,1242,1161,929,874,1192,1202,1313,3364,3696,2987,2783,1814,196,2758,2131,2170,1820,1695,2021,2025,1841,1854,1753,1523,1541,1925,1996,2112,2367,2411,2162,2330,2659,3039,3469,3912,4803,1250,4557,4766,4696,4792,3719,4583,4416,4380,4622,4750,4385,305,3960,3881,4216,4023,4674,4716,4422,4049,3697,3712,4215,4151,4167,4034,3863,3496,3403,3659,3988,3750,3750,3948,3324,3218,3436,3414,1623,1882,1519,3331,3375,3636,3514,3481,286,4060,4204,4249,106,4760,4580,4474,4736,4004,3923,4237,4400,3588,4726,1990,4199,4569,3657,4773,4796,1932,392,4582,4767,4748,4777,4762,4762,4617,4689,4549,1327,4543,4393,4495,4473,4240,3915,4690,4695,4464,4683,4658,4374,3833,4161,4461,4732,4520,4607,4126,3776,4164,4815,4385,4511,4730,4349,3949,4123,4753,4747,4680,4767,2373,3630,4276,4704,4331,4491,4474,3936,3764,2779,4567,4508,4767,4787,3411,4008,4172,4305,4820,4252,4731,3763,3494,3989,4295,4497,4470,225,3716,3656,4398,4425,4306,4214,4168,3908,3451,3847,4125,4152,4107,4163,3558,3625,4299,4105,3957,4027,3990,3441,3182,3765,4246,4127,3928,4102,3514,3395,4062,4044,3967,4179,4231,3646,3364,3665,3683,4192,4129,4143,3403,3502,3735,3952,3739,3768,3847,3416,3326,3547,4032,4033,4155,3794,3507,4095,4406,4598,4787,4804,4603,3799,4073,4836,4613,4782,4591,4881,3985,3791,4184,4846,4487,3814,3245,2892,4628,4843,4833,4809,4793,3865,4002,3849,4424,4823,4868,4561,591,3780,3639,4584,4674,4650,4448,4511,4097,4541,4431,4737,4927,4737,4651,4171,3776,4313,4871,4893,4761,4469,3935,3839,4706,4770,4516
Wells Fargo,12,3,5,1,8,10,7,10,8,10,13,8,4,7,64,14,1,10,7,6,3,3,4,5,2,3,8,11,34,73,31,17,27,34,15,27,16,4,4,7,9,9,10,19,15,5,11,8,12,16,5,12,7,9,6,6,26,19,7,9,6,9,11,19,8,12,10,11,10,15,17,32,11,6,10,11,25,26,26,19,31,42,32,20,8,10,5,7,12,13,6,9,11,7,13,8,18,14,17,11,15,15,23,23,39,29,48,37,50,31,35,47,52,38,34,25,46,68,59,52,41,47,26,39,50,49,41,54,54,48,35,41,54,52,52,47,51,59,36,30,31,125,68,50,61,45,27,204,38,34,22,34,45,68,106,48,177,52,28,51,54,48,47,44,60,85,68,123,78,65,40,46,25,30,28,29,33,49,65,47,48,45,49,26,45,64,68,56,104,44,38,37,56,61,118,63,49,33,37,32,36,37,38,26,31,31,27,67,34,41,38,49,54,42,38,96,89,52,48,40,60,54,62,39,65,64,48,42,45,52,51,83,97,89,108,102,86,78,80,81,81,55,52,57,52,53,43,32,28,49,45,64,50,99,44,34,34,67,54,38,32,57,32,53,48,35,29,40,34,63,59,140,121,73,51,47,60,51,86,44,47,31,40,31,53,52,47,45,31,38,38,30,52,42,31,76,65,27,22,29,42,43,40,32,28,43,71,241,134,65,50,48,32,57,46,30,33,14,16,27,33,41,30,28,13,31,35,43,39,46,21,26,25,39,40,77,33,91,16,30,25,34,26,70,41,32,31,52,141,63,83,94,34,41,134,80,66,88,42,41,37,24,28,41
Bank of America,15,16,16,11,20,18,12,18,19,18,24,32,18,17,23,30,16,3,20,24,17,13,17,24,17,19,21,22,19,22,17,19,26,34,35,31,28,17,22,17,56,37,25,33,15,30,21,20,125,61,30,18,23,29,31,26,17,25,15,28,32,33,50,32,32,19,22,13,18,32,21,30,16,14,20,23,14,31,48,39,48,42,36,36,21,50,50,34,30,37,24,24,18,27,19,32,30,38,28,44,23,28,45,79,68,79,97,92,132,119,133,134,150,132,138,108,139,116,129,137,121,98,87,158,152,154,134,139,104,92,127,126,119,130,118,107,100,123,92,106,131,202,131,115,118,86,98,108,109,95,93,97,117,110,154,160,197,107,153,138,138,142,136,112,67,127,141,156,179,145,98,85,110,155,168,245,194,130,136,207,166,151,136,131,132,132,153,121,145,211,172,131,93,121,173,140,165,166,125,110,105,145,121,105,104,99,100,105,144,154,187,153,103,88,114,191,178,187,192,161,110,151,151,175,169,134,105,98,116,160,176,158,135,105,128,157,187,163,144,209,185,108,130,135,192,182,155,123,101,191,179,155,176,132,120,104,141,263,156,128,105,161,132,171,192,163,145,137,106,149,111,141,174,135,136,147,150,166,173,194,188,179,178,139,209,175,246,198,187,101,143,188,201,157,188,221,148,107,121,138,226,144,194,261,199,254,210,210,176,224,148,123,153,148,224,245,332,136,148,603,385,350,207,171,161,153,186,194,205,199,179,191,146,208,172,147,169,464,150,181,161,189,152,170,169,124,182,139,198,239,169,114,110,99,143,119,149,180,156,196,187,160,221,175
AbbVie,1,0,0,0,0,0,0,0,1,0,0,6,0,0,0,1,0,0,1,0,0,0,0,0,0,0,2,0,0,0,1,0,6,0,0,1,0,1,1,1,0,1,1,0,0,0,5,0,0,0,0,0,0,1,2,0,2,0,0,1,5,0,0,0,0,0,0,0,0,0,0,0,0,0,8,1,0,0,0,2,0,1,0,0,0,0,0,0,4,1,3,2,0,0,0,1,1,1,1,1,0,1,12,2,2,7,5,1,3,6,9,1,6,4,9,3,7,5,8,2,1,4,4,2,3,4,6,3,2,3,8,3,5,4,11,6,4,3,3,4,4,4,1,4,5,6,1,4,6,3,4,3,4,4,0,3,0,4,4,6,3,2,8,2,2,16,3,3,4,2,2,3,0,8,6,7,7,5,2,9,3,3,2,38,4,3,15,18,7,5,12,5,2,7,11,20,13,10,4,6,1,6,5,2,4,4,1,3,27,3,9,13,4,4,28,21,8,3,6,5,2,6,4,6,5,3,7,0,8,6,0,3,2,7,2,9,23,7,7,6,3,3,3,3,2,6,6,2,4,5,13,18,9,11,6,10,7,12,11,11,4,5,4,14,9,7,15,45,6,13,14,11,6,12,10,9,8,6,18,10,11,19,18,4,13,9,31,22,9,7,0,4,13,8,7,4,4,4,6,11,13,14,11,3,1,8,7,4,9,9,2,25,11,26,27,10,6,3,11,20,12,14,7,14,3,6,4,7,5,2,7,2,2,31,16,11,8,19,8,2,6,8,15,32,17,7,6,9,8,6,13,8,122,35,4,12,10,6,11,5,5,3,15,23
Starbucks,68,73,49,51,67,53,69,55,44,43,41,61,178,93,85,76,55,50,46,64,114,157,196,156,74,90,93,133,84,73,110,115,122,132,134,126,131,106,91,132,125,123,110,176,127,115,116,102,108,102,119,85,69,90,98,115,87,99,69,76,69,119,110,87,93,100,95,75,108,71,79,72,62,49,69,71,67,105,109,140,147,139,158,177,146,122,106,93,116,107,119,168,125,108,118,96,106,111,214,292,236,203,286,274,306,557,536,600,495,477,540,562,568,506,492,539,485,598,521,396,415,449,443,432,441,467,1139,799,597,552,567,545,408,367,429,358,307,366,485,411,440,1302,690,946,1064,1128,474,329,378,459,406,318,285,278,342,353,284,318,681,534,335,305,334,314,287,395,878,647,354,308,380,367,392,327,412,392,451,573,1370,1299,649,733,513,362,380,475,474,439,427,534,512,405,451,518,427,585,583,1086,543,362,342,329,429,427,373,323,348,809,537,470,519,758,396,352,421,377,468,434,425,454,352,332,450,518,406,309,399,399,424,372,336,326,329,297,304,319,342,344,285,324,294,308,342,284,367,412,342,281,311,371,313,284,299,259,363,277,354,421,336,364,244,269,231,338,350,378,644,469,267,195,270,377,532,348,387,327,272,271,245,310,277,249,240,218,259,300,362,495,362,272,269,227,246,257,259,256,250,211,216,255,259,264,256,202,225,254,195,232,233,233,193,205,290,315,336,255,350,219,228,223,228,231,248,227,227,186,241,258,236,244,261,215,190,284,289,277,243,278,249,177,216,295,310,281,280,186,186,361,349,269,251,222,252,193,298,295,295,425,314,211,217,231,351,445
Cisco,4,7,8,4,9,8,14,11,40,13,7,14,12,19,38,12,8,7,13,23,30,18,10,5,6,7,12,28,13,20,28,33,55,52,63,65,35,31,23,32,39,53,50,45,32,22,41,36,44,45,35,27,25,57,42,70,27,28,19,28,48,12,71,42,25,23,18,35,22,16,28,19,10,14,17,18,30,27,26,20,20,26,20,104,34,22,23,17,17,20,24,17,19,11,19,20,15,69,40,33,21,21,33,38,63,53,139,51,50,78,52,84,79,56,51,44,63,83,54,40,54,28,39,53,73,71,68,44,41,39,44,48,42,54,56,41,43,45,44,66,67,64,31,40,30,38,29,38,31,46,27,48,39,24,35,34,29,30,40,31,58,35,38,25,29,39,45,65,48,49,32,40,47,55,75,112,70,59,47,75,69,48,42,63,55,45,68,62,85,124,76,55,53,77,100,152,168,89,49,53,52,60,64,69,86,67,46,43,99,54,136,86,34,40,62,140,85,49,69,50,24,64,85,87,60,75,63,38,62,61,53,81,76,42,33,53,51,45,47,41,58,18,55,63,61,86,86,48,44,55,44,43,51,33,29,29,33,51,70,68,80,43,50,61,38,50,63,47,41,33,39,36,43,38,42,39,32,55,74,157,124,81,49,32,45,58,127,112,77,31,69,95,61,74,103,65,41,36,59,57,78,83,81,42,41,73,78,86,116,58,37,45,92,118,121,72,51,36,22,63,58,78,51,65,32,39,64,112,89,118,77,30,43,68,51,99,122,76,58,41,56,71,44,52,49,40,26,53,41,74,104,72,36,23,48,74,91,71,69,29,30,60,99,67
AT&T,2359,2530,2260,2027,2289,2528,2612,2690,2847,2201,2095,2334,2593,2547,2527,2524,2224,2187,2343,2606,2514,2387,2497,2381,2288,2451,2453,2621,368,3017,3222,2154,4830,2337,2624,4646,4793,4643,736,3627,1748,1662,628,4703,4579,4542,4758,4529,4749,4642,4422,3855,3823,1461,2170,4285,1456,4123,3717,3611,3959,4190,4149,4042,4047,3670,3268,3513,3848,4882,3958,3505,2903,2504,2910,2816,2982,4832,4991,4962,1484,1054,1449,4720,1303,4512,4678,3340,4621,4572,2958,4552,3342,4000,3251,4545,4606,4588,4710,4857,4811,4646,4903,5009,5135,5275,5520,5735,5446,5443,5698,5596,5500,5533,5418,5199,5341,5394,3739,5266,4122,5211,5143,5245,5335,5416,5256,5442,5351,5123,5227,5239,5200,5159,5346,5142,5027,5239,5375,4711,5338,5322,5069,4898,4854,4726,4832,4946,5026,5035,4768,5157,5224,5157,1125,5094,5097,4902,5143,5119,5254,5245,5206,1252,5135,5288,5280,5174,5350,5370,5137,5337,5362,5510,5680,5582,5611,5450,5220,5534,5535,5530,5570,5581,5525,5448,5606,5617,5611,5547,5469,5319,5394,5712,5516,5558,5569,2708,5293,5166,5394,5400,5516,5548,5521,5358,5359,5468,5505,5556,5467,5902,5641,5336,5441,5617,5699,5525,5573,5358,5268,5422,5618,5503,5556,5467,5315,5300,5466,5561,5599,2232,5494,5179,5306,5481,5515,5428,5476,5495,5354,5190,5530,5615,5539,5610,5543,2004,5326,5457,5558,5497,5478,5462,5317,5165,5296,4760,4855,5477,5522,5169,5154,5275,5465,5448,5531,5388,5318,5205,5324,5418,3148,5438,5456,5223,5178,5406,5432,5308,5421,5400,5187,5051,5440,5421,5483,5407,4782,5312,3574,5473,5519,5460,5461,5472,5310,5226,5355,5413,5477,5498,5471,5334,5319,5345,5494,4644,5658,5512,5277,5378,5566,5545,5586,5675,5539,5389,5466,5270,4986,5376,5491,5457,5285,5292,5472,5477,5461,5418,5425,5267,3014,5452,5562,4174,5506,5396,5311,5271,5415,5435,5541,5474,5451,5344,5325,5371,5428,5409,5413,5457,5213,5154,5303,5407,5475,1403,5443,5142,5212,5352,5353,5385
PepsiCo,26,21,21,18,20,39,30,29,31,38,23,30,41,28,40,32,24,39,27,38,44,121,42,28,18,26,29,19,22,39,63,63,48,54,56,57,55,36,40,36,58,86,70,118,57,70,64,62,93,71,58,39,227,94,86,84,69,108,122,59,59,69,58,86,74,78,69,45,71,45,37,38,36,28,49,51,54,91,93,82,73,66,90,65,67,78,73,47,79,82,86,59,56,79,67,64,93,119,92,113,218,111,100,171,209,239,297,246,249,281,764,564,636,621,1656,489,456,989,810,255,340,260,1928,588,323,357,270,309,423,240,214,318,472,475,292,201,1099,501,214,238,178,233,873,268,312,204,124,510,280,212,333,169,215,190,112,183,228,161,201,161,157,161,190,277,184,247,328,247,179,250,246,275,242,256,367,298,236,426,246,248,292,345,247,256,224,621,311,321,311,235,216,284,184,260,446,282,161,226,217,164,184,199,489,331,451,286,504,257,224,225,352,273,260,185,214,202,301,195,272,329,217,167,167,225,225,228,256,201,227,184,169,163,220,174,187,184,361,171,178,237,205,348,235,272,271,175,218,163,379,284,176,183,148,181,230,187,194,160,201,185,163,202,144,176,334,250,222,227,156,175,168,215,186,186,221,165,146,147,162,178,191,206,218,162,172,183,156,153,195,855,245,210,264,270,160,215,207,203,182,194,176,202,250,202,146,184,165,170,201,162,130,116,165,448,251,189,153,133,153,131,164,255,160,134,100,175,153,150,154,176,160,144,107,180,331,149,135,215,164,107,107,133,151,116,157,160,138,121,153,153,311,137,92,133,150,154,165,102,133,129,120,177,142,124
Intel,206,341,132,94,165,109,113,125,116,69,64,66,94,139,89,76,47,42,106,63,68,83,53,61,67,69,58,69,73,96,114,113,141,210,246,208,214,113,92,142,122,206,163,172,114,98,281,352,190,180,170,250,181,296,222,193,212,252,158,137,168,144,145,115,135,142,105,129,296,166,185,133,87,88,124,168,239,220,211,167,157,215,235,225,320,293,162,160,184,202,228,238,270,242,170,208,215,190,282,298,217,215,290,360,659,604,553,463,428,544,495,628,551,518,532,416,549,738,574,460,564,429,538,1312,1144,824,671,646,498,573,589,548,530,640,527,416,454,419,463,467,492,476,356,304,449,300,267,297,309,316,427,357,390,312,374,418,311,292,538,692,477,399,458,371,278,410,427,431,627,515,452,444,389,525,556,508,497,377,365,590,583,410,719,757,513,450,759,704,810,665,527,503,417,483,614,1082,840,586,598,575,678,695,678,541,994,818,450,551,825,977,795,1150,1143,776,916,791,1507,1589,1185,1188,867,1005,1014,937,884,672,420,347,537,566,581,490,658,394,308,915,2494,2165,1119,761,620,456,487,588,449,560,616,348,310,391,416,454,452,409,281,295,501,200,108,112,101,9,109,548,587,602,730,842,416,301,404,422,435,419,450,355,273,400,516,558,559,472,499,484,510,597,495,620,419,338,335,532,533,733,649,423,344,266,371,379,376,433,393,397,446,537,477,457,465,441,345,325,534,604,508,384,596,371,360,436,849,783,700,572,530,1699,1242,1287,1427,1163,684,388,372,505,473,445,382,406,272,287,392,487,412,464,502,293,336,416,466,456,527,527,488,433,505,566,626,782,1053,623,445,432,348,397
The Walt Disney Company,436,419,373,341,340,473,523,448,533,856,718,620,545,941,869,654,525,509,495,993,611,463,462,483,413,450,510,502,556,921,2590,2479,2215,2026,2053,2167,2321,1538,1558,1552,1613,1636,1556,1486,1376,1378,1501,1707,1666,2021,1457,1365,1614,1402,1581,1753,1804,1419,1436,1370,1188,1290,1349,1521,1371,1218,1134,1201,1226,1259,1313,1096,818,634,756,830,874,2095,675,2094,1859,2020,1719,1648,1571,1506,1299,969,1200,1321,1457,1520,1218,992,980,1133,1143,1257,1960,1469,2389,2131,2175,2857,3238,4088,5700,4332,4872,4731,4854,5223,4085,5015,4185,3952,4266,4550,4505,4177,3512,3692,3945,3129,4857,4588,4005,3422,3244,3061,3132,3400,3412,3400,3170,3045,4038,4017,5106,5622,3737,3284,2938,2922,3097,2833,2720,2693,2588,2662,2708,2747,2656,2522,2624,2557,2811,2784,3266,3047,2822,2744,3060,2724,2634,2993,2791,3548,3007,2944,2691,3142,3098,3240,3328,3350,3182,2952,3029,3197,3194,3536,3969,3276,2637,2914,2842,3472,3328,3272,3290,2976,2957,3434,3401,3965,3482,3249,2831,2722,2841,2922,3118,3118,3071,2927,2720,3502,3420,3766,3628,3605,3181,2884,4279,3682,4044,3115,3233,3006,2527,1342,3105,3800,3824,3154,2756,2819,2981,2962,3702,4707,3787,3009,3062,3574,3316,3861,3943,3490,4017,3179,2787,3030,2993,3065,3059,2558,2347,3082,3146,2907,2629,2653,2608,2353,2583,2565,3069,2840,2994,2643,2470,2705,2881,3162,2740,2676,2615,2379,2661,2794,2879,3107,2826,2503,3189,3081,2635,4063,3502,3039,1903,2262,2514,3114,3826,3147,3024,2805,2729,2945,3103,2943,2996,3835,3657,3229,3599,3250,3161,2951,2914,2885,2987,3012,3084,2939,2871,2788,2477,3003,2876,3383,5701,3861,2944,2490,2480,2639,2561,2662,2532,2585,2408,2350,2558,2708,2798,3417,3140,2662,2224,2830,2955,3019,2692,2169,2134,2204,2341,2325,2412,2308,2473,2210,2422,2464,2730,2462,2754,2676,2477,2320,2441,2519,2438,2474,2212,2137,2056,2367,2277,2752
Boeing,279,265,242,191,263,267,421,507,372,234,286,294,306,303,371,440,283,248,283,361,300,323,262,611,373,361,419,285,302,378,542,752,955,886,775,771,742,747,540,621,591,653,638,877,453,445,654,587,585,484,515,464,469,554,537,504,531,441,402,403,464,468,473,415,482,426,492,472,434,412,384,446,320,238,370,364,361,524,630,580,531,545,521,640,742,635,441,489,715,519,425,507,736,397,350,510,820,479,485,586,491,474,480,617,765,830,1008,1032,1053,1144,1147,1180,1079,1133,1006,1116,1313,1104,1106,969,1011,880,781,1030,910,874,1157,1090,866,788,993,1066,959,895,989,954,799,845,913,969,1005,1040,857,763,775,821,648,727,821,840,1903,1797,1250,984,1025,1038,926,899,898,1009,954,958,1102,888,915,995,997,947,948,1030,767,803,909,1005,1169,1177,1302,1043,1020,1177,1158,1396,1588,1258,1098,902,1216,1101,1075,1202,1118,992,848,1060,1176,1131,1022,1097,915,1093,1299,1480,2277,1904,1707,1646,1714,1591,1561,1819,1489,1513,1401,1192,1321,1368,1274,1263,1347,972,1077,1214,1261,1358,1455,1556,1041,1021,1261,1444,1448,1331,3133,1640,1189,1207,1327,1310,1177,1111,759,844,1138,1206,1351,1358,1382,1085,976,1326,1247,1239,1264,1185,993,911,1044,2828,2069,1598,1373,1139,1195,1528,1385,1543,1420,1612,967,971,1320,1304,1158,1395,1345,1143,1023,1187,1430,1562,1809,1605,1165,2515,3060,2389,3118,2257,1755,1257,1379,1592,1721,2045,1628,1871,1616,1064,1147,1312,1551,1430,1395,1061,1108,1302,1289,1352,1434,1599,1262,1262,1235,1237,1259,4056,2321,1312,1312,1712,1507,1419,1461,1229,1017,1097,1212,2392,1526,1396,1363,1138,1130,1298,1432,1359,1281,1040,876,882,1045,1306,1110,1100,1157,1189,1000,1388,1323,1413,1412,1057,945,960,1151,1183,1261,1221,1129,954,1099,1354,1523,1166
Goldman Sachs,81,113,157,128,183,202,150,128,186,168,202,176,208,181,175,220,80,139,167,167,177,203,178,189,169,161,179,116,95,105,131,121,190,212,190,126,168,104,185,242,206,248,224,211,213,136,120,195,203,225,238,191,198,203,195,201,196,182,84,135,81,139,97,99,166,132,155,161,165,144,99,150,129,122,149,157,149,276,243,230,226,204,205,234,207,126,190,174,219,201,207,176,203,167,178,230,171,131,217,222,208,168,206,255,293,371,324,305,304,329,337,307,280,198,215,181,231,249,271,218,184,154,181,187,197,198,186,226,214,143,227,237,254,285,201,178,254,242,194,353,269,307,183,151,172,121,176,170,143,136,145,127,154,153,190,270,198,167,160,200,221,205,190,177,172,227,221,280,309,230,146,179,159,223,220,242,217,264,251,258,228,240,216,265,248,431,345,214,238,268,183,158,214,210,329,349,247,282,206,184,210,281,273,248,280,326,185,215,219,661,620,482,463,304,318,335,314,299,272,236,260,431,370,302,239,287,191,189,214,208,205,198,209,152,146,200,217,240,217,216,180,199,419,319,253,337,306,207,244,713,286,348,279,210,163,181,377,264,255,221,223,146,150,190,205,430,384,185,140,155,198,290,192,199,213,210,161,229,164,171,151,180,184,164,188,279,214,213,175,156,206,197,153,157,166,154,159,179,152,166,174,217,210,132,168,153,146,274,237,208,132,186,181,213,163,196,151,122,120,193,198,177,157,193,139,119,196,193,159,140,165,145,132,204,191,181,154,145,130,119,157,299,247,201,213,149,169,187,193,292,191,152,118,119,153,163,225,203,162,146,108,135,187,184
Morgan Stanley,231,231,183,195,201,231,254,251,271,254,235,223,235,277,269,288,247,191,228,321,266,286,283,301,214,338,289,246,293,348,587,601,749,742,694,706,709,524,542,624,673,693,631,607,523,488,517,545,547,580,602,467,461,499,536,525,573,527,444,396,472,515,480,476,469,394,529,493,449,450,401,334,327,280,373,357,364,960,1095,910,806,814,774,784,819,744,616,609,635,633,636,695,647,500,653,668,649,629,693,869,769,815,976,1217,1654,1912,2377,2067,2048,2285,2591,2364,2351,2297,1787,1734,1973,1849,1959,1691,1547,1537,1539,1712,1754,1952,1890,1770,1416,1387,1608,1871,1740,1662,1602,1384,1384,1534,1708,1719,1539,1193,1435,1365,107,1416,1128,1178,1559,1816,1798,1248,1298,1207,1240,1398,1372,1393,1754,1419,1465,1488,1707,1284,1257,1599,1723,2012,1761,1701,1394,1475,1784,1819,1806,1974,2140,1837,1829,2016,2006,1985,1985,2098,1879,1525,1945,1967,1950,1826,1456,1622,1550,1645,1851,2471,2330,2062,1764,2221,1702,1733,2153,1978,1862,1627,1644,2114,2264,1967,1775,1996,1680,1529,1723,2275,2271,1906,1687,1472,1690,1716,1794,1879,1661,1802,3349,1669,1728,1736,1845,1776,2783,1332,1599,2604,2178,1925,2103,1992,1713,1621,2450,2338,2139,2316,1876,2004,2834,1873,2410,2031,2311,2234,1580,1503,2032,2399,2925,3440,2982,2361,2527,2696,2688,2133,1776,1950,1686,1662,1663,1635,3244,2978,2437,2088,1783,1991,2204,2069,1914,1864,1610,1391,1739,1986,1900,1692,1794,1645,1579,1776,2271,2412,2016,1733,1927,1592,2203,1945,1965,1853,1882,1580,1326,1558,1665,1892,1680,1736,1590,1853,1960,2079,1627,2217,1875,1622,1282,1669,1772,1689,1654,1438,1308,1162,1471,1778,1879,1812,1680,1447,1405,1997,1949,2156,1773,1494,1426,1421,1839,1878,1639,1773,1636,1451,1519,1615,1564,1687,1866,1649,1314,1367,1571,1792,1905,1648,1721,1514,1418,1605,1685,1687
Honeywell,111,120,102,102,96,90,87,97,89,112,82,122,124,108,148,95,110,92,115,100,132,132,162,100,114,124,119,126,96,120,117,107,103,155,122,148,140,115,130,159,133,93,183,157,117,112,118,152,118,123,147,93,112,122,128,124,150,222,149,143,152,143,170,154,107,157,132,122,149,130,119,163,107,124,138,121,147,229,260,267,225,199,172,159,242,185,175,136,176,181,188,175,134,151,125,138,199,214,224,220,194,244,289,352,313,318,433,416,376,441,472,480,452,452,467,396,365,439,456,440,499,626,489,408,386,408,397,413,314,289,311,372,362,361,319,366,362,350,351,344,393,399,287,299,356,282,351,286,274,297,344,362,327,311,397,317,316,297,346,382,401,321,351,308,304,328,339,407,360,377,346,354,364,353,426,383,479,375,362,384,407,383,391,467,377,380,430,401,460,523,533,466,498,415,369,480,464,532,433,350,416,409,513,419,423,420,401,464,463,519,482,511,385,359,453,413,442,414,531,537,407,561,569,539,545,460,391,347,438,474,418,445,523,487,369,357,366,414,421,418,366,333,440,387,411,417,496,362,288,413,474,381,391,385,462,313,478,429,361,429,375,424,390,396,388,407,365,396,387,364,421,507,436,434,414,401,383,405,512,445,551,389,381,327,352,403,379,411,497,358,316,575,439,470,471,419,413,312,381,453,489,636,494,380,380,409,417,386,420,399,389,330,459,477,488,444,393,363,294,357,384,429,475,389,309,379,322,445,439,402,396,397,281,342,348,375,403,416,344,313,363,451,376,354,334,331,322,361,406,329,436,422,297,269,395,371,434,425,421,414,378,345,361,514
Salesforce,9,7,5,9,22,10,16,10,15,13,9,13,12,14,1,14,15,10,22,8,13,23,9,7,3,10,23,26,38,18,20,23,43,52,56,55,60,23,19,44,43,33,27,44,19,27,64,69,61,61,43,58,23,48,53,50,52,36,31,28,49,44,57,71,58,397,49,58,53,41,33,38,23,15,36,38,64,33,44,34,40,41,49,47,35,33,26,21,40,36,69,64,57,22,20,61,64,34,43,49,42,38,81,96,112,118,261,114,86,152,152,161,139,139,117,78,154,193,154,118,142,190,90,143,212,215,154,121,86,61,104,148,206,296,361,207,118,127,187,217,160,136,105,164,114,162,74,70,93,106,48,91,76,109,101,119,107,65,138,118,127,149,119,91,81,165,163,143,158,124,71,78,121,120,143,151,121,94,164,181,125,151,153,143,93,65,121,239,139,122,172,112,91,251,146,142,121,86,71,80,89,123,126,126,120,63,69,169,174,220,221,166,74,57,111,167,177,159,165,69,70,117,127,175,198,125,75,82,116,144,136,178,123,38,79,97,144,144,142,143,81,55,118,113,113,194,202,97,80,185,138,162,162,124,76,85,95,137,182,198,98,76,76,178,131,148,172,164,143,85,126,148,181,123,167,93,78,121,162,165,138,133,100,106,169,160,176,217,211,138,131,182,238,196,199,211,158,143,168,372,347,302,222,127,115,178,161,251,211,161,138,170,205,246,199,169,144,100,54,185,180,185,139,108,83,74,127,165,147,211,180,81,107,154,136,222,121,123,77,92,132,134,144,148,149,113,77,127,187,109,147,129,77,63,140,136,121,122,116,93,92,140,114,137
